user_id,session_start,session_end,date,day_of_week,session_hour,time_of_day,app_label,detected_format,duration_minutes,scroll_count,tap_count,scroll_speed_estimate,avg_scroll_delta_px,micro_scrolls,normal_scrolls,macro_scrolls,scroll_behavior,notification_count,triggered_by_notification,minutes_since_last_session,day_asi_score,day_intensity_score,day_fragmentation_score,day_compulsion_score,day_disruption_score
85bfc215-c24f-4814-aa00-6794f1a7278a,1783889909076,1783890023674,2026-07-12,Sunday,23,night,Instagram,STANDARD,1.91,0,0,0.00,0,0,0,0,N/A,0,false,0.18,40,51,58,32,11
85bfc215-c24f-4814-aa00-6794f1a7278a,1783889342907,1783889898338,2026-07-12,Sunday,23,night,Instagram,STANDARD,9.26,0,0,0.00,0,0,0,0,N/A,0,false,21.18,40,51,58,32,11
85bfc215-c24f-4814-aa00-6794f1a7278a,1783887454981,1783888072008,2026-07-12,Sunday,23,night,Instagram,LONG_FORM,10.28,0,0,0.00,0,0,0,0,N/A,0,false,64.73,40,51,58,32,11
85bfc215-c24f-4814-aa00-6794f1a7278a,1783882413067,1783883571231,2026-07-12,Sunday,21,evening,Instagram,LONG_FORM,19.30,0,0,0.00,0,0,0,0,N/A,0,false,0.13,40,51,58,32,11
85bfc215-c24f-4814-aa00-6794f1a7278a,1783882027872,1783882405234,2026-07-12,Sunday,21,evening,Instagram,STANDARD,6.29,0,0,0.00,0,0,0,0,N/A,0,false,0.20,40,51,58,32,11
85bfc215-c24f-4814-aa00-6794f1a7278a,1783881837402,1783882015997,2026-07-12,Sunday,21,evening,Instagram,STANDARD,2.98,0,0,0.00,0,0,0,0,N/A,0,false,22.57,40,51,58,32,11
85bfc215-c24f-4814-aa00-6794f1a7278a,1783880117282,1783880483307,2026-07-12,Sunday,21,evening,Instagram,STANDARD,6.10,0,0,0.00,0,0,0,0,N/A,0,false,0.42,40,51,58,32,11
85bfc215-c24f-4814-aa00-6794f1a7278a,1783879842467,1783880091939,2026-07-12,Sunday,21,evening,Instagram,STANDARD,4.16,0,0,0.00,0,0,0,0,N/A,0,false,2.94,40,51,58,32,11
85bfc215-c24f-4814-aa00-6794f1a7278a,1783878863089,1783879666339,2026-07-12,Sunday,20,evening,Instagram,LONG_FORM,13.39,0,0,0.00,0,0,0,0,N/A,0,false,0.84,40,51,58,32,11
85bfc215-c24f-4814-aa00-6794f1a7278a,1783878306397,1783878812562,2026-07-12,Sunday,20,evening,Instagram,STANDARD,8.44,0,0,0.00,0,0,0,0,N/A,0,false,3.60,40,51,58,32,11
85bfc215-c24f-4814-aa00-6794f1a7278a,1783878036792,1783878090204,2026-07-12,Sunday,20,evening,Instagram,STANDARD,0.89,0,0,0.00,0,0,0,0,N/A,0,false,2.50,40,51,58,32,11
85bfc215-c24f-4814-aa00-6794f1a7278a,1783876979708,1783877886584,2026-07-12,Sunday,20,evening,Instagram,LONG_FORM,15.11,0,0,0.00,0,0,0,0,N/A,0,false,0.07,40,51,58,32,11
85bfc215-c24f-4814-aa00-6794f1a7278a,1783876860430,1783876975522,2026-07-12,Sunday,20,evening,Instagram,STANDARD,1.92,0,0,0.00,0,0,0,0,N/A,0,false,490.19,40,51,58,32,11
85bfc215-c24f-4814-aa00-6794f1a7278a,1783847416378,1783847449045,2026-07-12,Sunday,12,afternoon,Instagram,STANDARD,0.54,0,0,0.00,0,0,0,0,N/A,0,false,18.50,40,51,58,32,11
85bfc215-c24f-4814-aa00-6794f1a7278a,1783845843633,1783846306310,2026-07-12,Sunday,11,morning,Instagram,STANDARD,7.71,0,0,0.00,0,0,0,0,N/A,0,false,60.66,40,51,58,32,11
85bfc215-c24f-4814-aa00-6794f1a7278a,1783840821424,1783842204278,2026-07-12,Sunday,10,morning,Instagram,LONG_FORM,23.05,0,0,0.00,0,0,0,0,N/A,0,false,905.30,40,51,58,32,11
85bfc215-c24f-4814-aa00-6794f1a7278a,1783786371576,1783786503347,2026-07-11,Saturday,19,evening,Instagram,STANDARD,2.20,0,0,0.00,0,0,0,0,N/A,0,false,0.00,41,56,58,31,11
85bfc215-c24f-4814-aa00-6794f1a7278a,1783786271687,1783786371567,2026-07-11,Saturday,19,evening,Instagram,STANDARD,1.66,0,0,0.00,0,0,0,0,N/A,0,false,0.00,41,56,58,31,11
85bfc215-c24f-4814-aa00-6794f1a7278a,1783786158832,1783786271675,2026-07-11,Saturday,19,evening,Instagram,STANDARD,1.88,0,0,0.00,0,0,0,0,N/A,0,false,3.37,41,56,58,31,11
85bfc215-c24f-4814-aa00-6794f1a7278a,1783782977076,1783785956695,2026-07-11,Saturday,18,evening,Instagram,LONG_FORM,49.66,0,0,0.00,0,0,0,0,N/A,0,false,0.03,41,56,58,31,11
85bfc215-c24f-4814-aa00-6794f1a7278a,1783781630082,1783782975492,2026-07-11,Saturday,17,evening,Instagram,LONG_FORM,22.42,0,0,0.00,0,0,0,0,N/A,0,false,0.08,41,56,58,31,11
85bfc215-c24f-4814-aa00-6794f1a7278a,1783780735294,1783781625162,2026-07-11,Saturday,17,evening,Instagram,LONG_FORM,14.83,0,0,0.00,0,0,0,0,N/A,0,false,507.37,41,56,58,31,11
85bfc215-c24f-4814-aa00-6794f1a7278a,1783750182770,1783750293284,2026-07-11,Saturday,9,morning,Instagram,STANDARD,1.84,0,0,0.00,0,0,0,0,N/A,0,false,20.60,41,56,58,31,11
85bfc215-c24f-4814-aa00-6794f1a7278a,1783748883917,1783748946614,2026-07-11,Saturday,8,morning,Instagram,STANDARD,1.04,0,0,0.00,0,0,0,0,N/A,0,false,0.09,41,56,58,31,11
85bfc215-c24f-4814-aa00-6794f1a7278a,1783748199365,1783748878330,2026-07-11,Saturday,8,morning,Instagram,LONG_FORM,11.32,0,0,0.00,0,0,0,0,N/A,0,false,606.74,41,56,58,31,11
85bfc215-c24f-4814-aa00-6794f1a7278a,1783709783344,1783711794781,2026-07-10,Friday,21,evening,Instagram,LONG_FORM,33.52,0,0,0.00,0,0,0,0,N/A,0,false,0.11,44,80,48,18,19
85bfc215-c24f-4814-aa00-6794f1a7278a,1783703392384,1783709776548,2026-07-10,Friday,20,evening,Instagram,LONG_FORM,106.40,0,0,0.00,0,0,0,0,N/A,0,false,0.09,44,80,48,18,19
85bfc215-c24f-4814-aa00-6794f1a7278a,1783703291036,1783703387213,2026-07-10,Friday,20,evening,Instagram,STANDARD,1.60,0,0,0.00,0,0,0,0,N/A,0,false,825.96,44,80,48,18,19
85bfc215-c24f-4814-aa00-6794f1a7278a,1783653040940,1783653733655,2026-07-10,Friday,6,morning,Instagram,LONG_FORM,11.55,0,0,0.00,0,0,0,0,N/A,0,false,597.40,44,80,48,18,19
85bfc215-c24f-4814-aa00-6794f1a7278a,1783616622326,1783617197178,2026-07-09,Thursday,20,evening,Instagram,STANDARD,9.58,0,0,0.00,0,0,0,0,N/A,0,false,128.48,16,24,27,10,0
85bfc215-c24f-4814-aa00-6794f1a7278a,1783608552540,1783608913406,2026-07-09,Thursday,17,evening,Instagram,STANDARD,6.01,0,0,0.00,0,0,0,0,N/A,0,false,472.28,16,24,27,10,0
85bfc215-c24f-4814-aa00-6794f1a7278a,1783579730424,1783580216018,2026-07-09,Thursday,9,morning,Instagram,STANDARD,8.09,0,0,0.00,0,0,0,0,N/A,0,false,195.19,16,24,27,10,0
85bfc215-c24f-4814-aa00-6794f1a7278a,1783567696354,1783568019035,2026-07-09,Thursday,6,morning,Instagram,STANDARD,5.38,0,0,0.00,0,0,0,0,N/A,0,false,0.08,16,24,27,10,0
85bfc215-c24f-4814-aa00-6794f1a7278a,1783567507815,1783567691471,2026-07-09,Thursday,6,morning,Instagram,STANDARD,3.06,0,0,0.00,0,0,0,0,N/A,0,false,447.94,16,24,27,10,0
85bfc215-c24f-4814-aa00-6794f1a7278a,1783538700077,1783540631520,2026-07-08,Wednesday,22,night,Instagram,LONG_FORM,32.19,0,0,0.00,0,0,0,0,N/A,0,false,0.82,54,62,69,46,31
85bfc215-c24f-4814-aa00-6794f1a7278a,1783538443953,1783538651038,2026-07-08,Wednesday,22,night,Instagram,STANDARD,3.45,0,0,0.00,0,0,0,0,N/A,0,false,71.21,54,62,69,46,31
85bfc215-c24f-4814-aa00-6794f1a7278a,1783533237943,1783534171468,2026-07-08,Wednesday,20,evening,Instagram,LONG_FORM,15.56,0,0,0.00,0,0,0,0,N/A,0,false,0.13,54,62,69,46,31
85bfc215-c24f-4814-aa00-6794f1a7278a,1783533105500,1783533230320,2026-07-08,Wednesday,20,evening,Instagram,STANDARD,2.08,0,0,0.00,0,0,0,0,N/A,0,false,0.49,54,62,69,46,31
85bfc215-c24f-4814-aa00-6794f1a7278a,1783532704193,1783533076125,2026-07-08,Wednesday,20,evening,Instagram,STANDARD,6.20,0,0,0.00,0,0,0,0,N/A,0,false,0.12,54,62,69,46,31
85bfc215-c24f-4814-aa00-6794f1a7278a,1783531880646,1783532697264,2026-07-08,Wednesday,20,evening,Instagram,LONG_FORM,13.61,0,0,0.00,0,0,0,0,N/A,0,false,1.54,54,62,69,46,31
85bfc215-c24f-4814-aa00-6794f1a7278a,1783531662034,1783531788273,2026-07-08,Wednesday,20,evening,Instagram,STANDARD,2.10,0,0,0.00,0,0,0,0,N/A,0,false,0.06,54,62,69,46,31
85bfc215-c24f-4814-aa00-6794f1a7278a,1783531231338,1783531658350,2026-07-08,Wednesday,20,evening,Instagram,STANDARD,7.12,0,0,0.00,0,0,0,0,N/A,0,false,0.69,54,62,69,46,31
85bfc215-c24f-4814-aa00-6794f1a7278a,1783530972096,1783531189973,2026-07-08,Wednesday,20,evening,Instagram,STANDARD,3.63,0,0,0.00,0,0,0,0,N/A,0,false,224.40,54,62,69,46,31
85bfc215-c24f-4814-aa00-6794f1a7278a,1783514565148,1783517508230,2026-07-08,Wednesday,15,afternoon,Instagram,LONG_FORM,49.05,0,0,0.00,0,0,0,0,N/A,0,false,1225.48,54,62,69,46,31
85bfc215-c24f-4814-aa00-6794f1a7278a,1783439747705,1783441036414,2026-07-07,Tuesday,18,evening,Instagram,LONG_FORM,21.48,0,0,0.00,0,0,0,0,N/A,0,false,4.62,35,33,40,61,0
85bfc215-c24f-4814-aa00-6794f1a7278a,1783438842273,1783439470236,2026-07-07,Tuesday,18,evening,Instagram,LONG_FORM,10.47,0,0,0.00,0,0,0,0,N/A,0,false,0.19,35,33,40,61,0
85bfc215-c24f-4814-aa00-6794f1a7278a,1783438692645,1783438830846,2026-07-07,Tuesday,18,evening,Instagram,STANDARD,2.30,0,0,0.00,0,0,0,0,N/A,0,false,1454.31,35,33,40,61,0
85bfc215-c24f-4814-aa00-6794f1a7278a,1783350234510,1783351434317,2026-07-06,Monday,18,evening,Instagram,LONG_FORM,20.00,0,0,0.00,0,0,0,0,N/A,0,false,637.81,22,40,25,2,15
85bfc215-c24f-4814-aa00-6794f1a7278a,1783345666318,1783345775011,2026-07-06,Monday,16,afternoon,Snapchat,TEXT_ONLY,1.81,0,0,0.00,0,0,0,0,N/A,375,false,78165.05,22,40,25,2,15
85bfc215-c24f-4814-aa00-6794f1a7278a,1783311412744,1783311966118,2026-07-06,Monday,7,morning,Instagram,STANDARD,9.22,0,0,0.00,0,0,0,0,N/A,0,false,325.50,22,40,25,2,15
85bfc215-c24f-4814-aa00-6794f1a7278a,1783290588098,1783291882998,2026-07-06,Monday,1,night,Instagram,LONG_FORM,21.58,0,0,0.00,0,0,0,0,N/A,0,false,34771.27,22,40,25,2,15
85bfc215-c24f-4814-aa00-6794f1a7278a,1781204007796,1781204311691,2026-06-11,Thursday,21,evening,Instagram,STORIES,5.06,0,9,0.00,0,0,0,0,N/A,0,false,2261.98,5,11,3,5,0
85bfc215-c24f-4814-aa00-6794f1a7278a,1781112195788,1781112244721,2026-06-10,Wednesday,20,evening,Facebook,TEXT_ONLY,0.82,0,0,0.00,0,0,0,0,N/A,0,false,56192.17,5,7,10,1,0
85bfc215-c24f-4814-aa00-6794f1a7278a,1781068049710,1781068289221,2026-06-10,Wednesday,8,morning,Instagram,STORIES,3.99,0,6,0.00,0,0,0,0,N/A,0,false,555.57,5,7,10,1,0
85bfc215-c24f-4814-aa00-6794f1a7278a,1781034055268,1781034715318,2026-06-09,Tuesday,22,night,Instagram,LONG_FORM,11.00,0,5,0.00,0,0,0,0,N/A,0,false,15.14,31,16,16,41,60
85bfc215-c24f-4814-aa00-6794f1a7278a,1781033112399,1781033147084,2026-06-09,Tuesday,22,night,Instagram,STORIES,0.58,0,1,0.00,0,0,0,0,N/A,0,false,3260.26,31,16,16,41,60
85bfc215-c24f-4814-aa00-6794f1a7278a,1780837053118,1780837497003,2026-06-07,Sunday,15,afternoon,Instagram,STANDARD,7.40,0,0,0.00,0,0,0,0,N/A,0,false,0.28,25,15,32,51,0
85bfc215-c24f-4814-aa00-6794f1a7278a,1780836942669,1780837036108,2026-06-07,Sunday,15,afternoon,Instagram,STANDARD,1.56,0,0,0.00,0,0,0,0,N/A,0,false,1143.17,25,15,32,51,0
85bfc215-c24f-4814-aa00-6794f1a7278a,1780833644200,1780833955346,2026-06-07,Sunday,15,afternoon,YouTube,STANDARD,5.19,0,17,0.00,0,0,0,0,N/A,31,false,6903.51,25,15,32,51,0
85bfc215-c24f-4814-aa00-6794f1a7278a,1780767933002,1780768352760,2026-06-06,Saturday,20,evening,Instagram,STORIES,7.00,0,8,0.00,0,0,0,0,N/A,0,false,2.55,32,14,50,64,0
85bfc215-c24f-4814-aa00-6794f1a7278a,1780767739587,1780767780166,2026-06-06,Saturday,20,evening,Instagram,STORIES,0.68,0,4,0.00,0,0,0,0,N/A,0,false,0.00,32,14,50,64,0
85bfc215-c24f-4814-aa00-6794f1a7278a,1780767433141,1780767739571,2026-06-06,Saturday,20,evening,Instagram,STORIES,5.11,0,13,0.00,0,0,0,0,N/A,0,false,1780.77,32,14,50,64,0
85bfc215-c24f-4814-aa00-6794f1a7278a,1780660251442,1780660586972,2026-06-05,Friday,14,afternoon,Instagram,STORIES,5.59,0,12,0.00,0,0,0,0,N/A,0,false,1503.48,6,12,3,5,0
85bfc215-c24f-4814-aa00-6794f1a7278a,1780569727573,1780570042710,2026-06-04,Thursday,13,afternoon,Instagram,STORIES,5.25,0,6,0.00,0,0,0,0,N/A,0,false,0.42,33,9,46,74,0
85bfc215-c24f-4814-aa00-6794f1a7278a,1780569656472,1780569702405,2026-06-04,Thursday,13,afternoon,Instagram,STORIES,0.77,0,1,0.00,0,0,0,0,N/A,0,false,1227.66,33,9,46,74,0
85bfc215-c24f-4814-aa00-6794f1a7278a,1780495488250,1780495996980,2026-06-03,Wednesday,17,evening,Instagram,STORIES,8.48,0,5,0.00,0,0,0,0,N/A,0,false,0.56,22,22,43,21,0
85bfc215-c24f-4814-aa00-6794f1a7278a,1780495119525,1780495454697,2026-06-03,Wednesday,16,afternoon,Instagram,STORIES,5.59,0,7,0.00,0,0,0,0,N/A,0,false,2.33,22,22,43,21,0
85bfc215-c24f-4814-aa00-6794f1a7278a,1780494649827,1780494979707,2026-06-03,Wednesday,16,afternoon,Instagram,STORIES,5.50,0,8,0.00,0,0,0,0,N/A,0,false,0.35,22,22,43,21,0
85bfc215-c24f-4814-aa00-6794f1a7278a,1780494335095,1780494628739,2026-06-03,Wednesday,16,afternoon,Instagram,STORIES,4.89,0,9,0.00,0,0,0,0,N/A,0,false,487.32,22,22,43,21,0
85bfc215-c24f-4814-aa00-6794f1a7278a,1780464796274,1780465095838,2026-06-03,Wednesday,8,morning,Instagram,STORIES,4.99,0,8,0.00,0,0,0,0,N/A,0,false,818.21,22,22,43,21,0
85bfc215-c24f-4814-aa00-6794f1a7278a,1780418627379,1780419433822,2026-06-02,Tuesday,19,evening,YouTube,STANDARD,13.44,0,0,0.00,0,0,0,0,N/A,23,false,4548.02,26,28,48,23,0
85bfc215-c24f-4814-aa00-6794f1a7278a,1780415332829,1780415703919,2026-06-02,Tuesday,18,evening,Instagram,STORIES,6.18,0,4,0.00,0,0,0,0,N/A,0,false,0.09,26,28,48,23,0
85bfc215-c24f-4814-aa00-6794f1a7278a,1780415093390,1780415327228,2026-06-02,Tuesday,18,evening,Instagram,STORIES,3.90,0,4,0.00,0,0,0,0,N/A,0,false,0.41,26,28,48,23,0
85bfc215-c24f-4814-aa00-6794f1a7278a,1780414408075,1780415068786,2026-06-02,Tuesday,18,evening,Instagram,LONG_FORM,11.01,0,5,0.00,0,0,0,0,N/A,0,false,4.71,26,28,48,23,0
85bfc215-c24f-4814-aa00-6794f1a7278a,1780414078562,1780414125363,2026-06-02,Tuesday,18,evening,Instagram,STANDARD,0.78,0,0,0.00,0,0,0,0,N/A,0,false,120.50,26,28,48,23,0
85bfc215-c24f-4814-aa00-6794f1a7278a,1780406609136,1780406848646,2026-06-02,Tuesday,16,afternoon,Instagram,STORIES,3.99,0,1,0.00,0,0,0,0,N/A,0,false,441.88,26,28,48,23,0
85bfc215-c24f-4814-aa00-6794f1a7278a,1780379921175,1780380096141,2026-06-02,Tuesday,8,morning,Instagram,STORIES,2.92,0,4,0.00,0,0,0,0,N/A,0,false,0.10,26,28,48,23,0
85bfc215-c24f-4814-aa00-6794f1a7278a,1780379839547,1780379915291,2026-06-02,Tuesday,8,morning,Instagram,STORIES,1.26,0,1,0.00,0,0,0,0,N/A,0,false,622.97,26,28,48,23,0
85bfc215-c24f-4814-aa00-6794f1a7278a,1780342366481,1780342461590,2026-06-01,Monday,22,night,Instagram,STANDARD,1.59,0,0,0.00,0,0,0,0,N/A,0,false,0.18,53,75,63,27,37
85bfc215-c24f-4814-aa00-6794f1a7278a,1780342159016,1780342355794,2026-06-01,Monday,22,night,Instagram,STORIES,3.28,0,3,0.00,0,0,0,0,N/A,0,false,120.95,53,75,63,27,37
85bfc215-c24f-4814-aa00-6794f1a7278a,1780334809141,1780334901800,2026-06-01,Monday,20,evening,Instagram,STORIES,1.54,0,3,0.00,0,0,0,0,N/A,0,false,4.57,53,75,63,27,37
85bfc215-c24f-4814-aa00-6794f1a7278a,1780334378289,1780334535183,2026-06-01,Monday,20,evening,Instagram,STORIES,2.61,0,4,0.00,0,0,0,0,N/A,0,false,51.58,53,75,63,27,37
85bfc215-c24f-4814-aa00-6794f1a7278a,1780331242715,1780331283553,2026-06-01,Monday,19,evening,Instagram,STANDARD,0.68,0,0,0.00,0,0,0,0,N/A,0,false,0.04,53,75,63,27,37
85bfc215-c24f-4814-aa00-6794f1a7278a,1780331143796,1780331240571,2026-06-01,Monday,19,evening,Instagram,STORIES,1.61,0,1,0.00,0,0,0,0,N/A,0,false,0.04,53,75,63,27,37
85bfc215-c24f-4814-aa00-6794f1a7278a,1780328573649,1780331141376,2026-06-01,Monday,18,evening,Instagram,LONG_FORM,42.80,0,33,0.00,0,0,0,0,N/A,0,false,0.16,53,75,63,27,37
85bfc215-c24f-4814-aa00-6794f1a7278a,1780327761589,1780328563788,2026-06-01,Monday,18,evening,Instagram,LONG_FORM,13.37,0,22,0.00,0,0,0,0,N/A,0,false,0.07,53,75,63,27,37
85bfc215-c24f-4814-aa00-6794f1a7278a,1780323878238,1780327757359,2026-06-01,Monday,17,evening,Instagram,LONG_FORM,64.65,0,51,0.00,0,0,0,0,N/A,0,false,0.07,53,75,63,27,37
85bfc215-c24f-4814-aa00-6794f1a7278a,1780323437093,1780323873952,2026-06-01,Monday,17,evening,Instagram,STORIES,7.28,0,13,0.00,0,0,0,0,N/A,0,false,0.18,53,75,63,27,37
85bfc215-c24f-4814-aa00-6794f1a7278a,1780319221229,1780323426551,2026-06-01,Monday,16,afternoon,Instagram,LONG_FORM,70.09,0,71,0.00,0,0,0,0,N/A,0,false,45.55,53,75,63,27,37
85bfc215-c24f-4814-aa00-6794f1a7278a,1780316357253,1780316488523,2026-06-01,Monday,15,afternoon,Instagram,STORIES,2.19,0,3,0.00,0,0,0,0,N/A,0,false,175.36,53,75,63,27,37
85bfc215-c24f-4814-aa00-6794f1a7278a,1780305542906,1780305835600,2026-06-01,Monday,12,afternoon,Instagram,STORIES,4.88,0,8,0.00,0,0,0,0,N/A,0,false,1.97,53,75,63,27,37
85bfc215-c24f-4814-aa00-6794f1a7278a,1780304639557,1780305424917,2026-06-01,Monday,12,afternoon,Instagram,LONG_FORM,13.09,0,16,0.00,0,0,0,0,N/A,0,false,607.58,53,75,63,27,37
85bfc215-c24f-4814-aa00-6794f1a7278a,1780268126889,1780268184781,2026-06-01,Monday,1,night,Instagram,STANDARD,0.96,0,0,0.00,0,0,0,0,N/A,0,false,121.05,53,75,63,27,37
85bfc215-c24f-4814-aa00-6794f1a7278a,1780260821027,1780260863812,2026-05-31,Sunday,23,night,Instagram,STORIES,0.71,0,1,0.00,0,0,0,0,N/A,0,false,55.90,46,53,74,39,7
85bfc215-c24f-4814-aa00-6794f1a7278a,1780257330589,1780257467277,2026-05-31,Sunday,22,night,Instagram,STORIES,2.28,0,3,0.00,0,0,0,0,N/A,0,false,0.41,46,53,74,39,7
85bfc215-c24f-4814-aa00-6794f1a7278a,1780257049393,1780257306112,2026-05-31,Sunday,22,night,Instagram,STANDARD,4.28,0,0,0.00,0,0,0,0,N/A,0,false,103.81,46,53,74,39,7
85bfc215-c24f-4814-aa00-6794f1a7278a,1780250589759,1780250820703,2026-05-31,Sunday,21,evening,Instagram,STORIES,3.85,0,2,0.00,0,0,0,0,N/A,0,false,4.28,46,53,74,39,7
85bfc215-c24f-4814-aa00-6794f1a7278a,1780250261687,1780250332709,2026-05-31,Sunday,20,evening,Instagram,STORIES,1.18,0,3,0.00,0,0,0,0,N/A,0,false,0.24,46,53,74,39,7
85bfc215-c24f-4814-aa00-6794f1a7278a,1780249839842,1780250247321,2026-05-31,Sunday,20,evening,Instagram,STORIES,6.79,0,8,0.00,0,0,0,0,N/A,0,false,2.15,46,53,74,39,7
85bfc215-c24f-4814-aa00-6794f1a7278a,1780249163898,1780249710804,2026-05-31,Sunday,20,evening,Instagram,STORIES,9.12,0,13,0.00,0,0,0,0,N/A,0,false,2.14,46,53,74,39,7
85bfc215-c24f-4814-aa00-6794f1a7278a,1780248999161,1780249035624,2026-05-31,Sunday,20,evening,Instagram,STORIES,0.61,0,1,0.00,0,0,0,0,N/A,0,false,1.63,46,53,74,39,7
85bfc215-c24f-4814-aa00-6794f1a7278a,1780248812674,1780248901427,2026-05-31,Sunday,20,evening,Instagram,STORIES,1.48,0,3,0.00,0,0,0,0,N/A,0,false,3.82,46,53,74,39,7
85bfc215-c24f-4814-aa00-6794f1a7278a,1780248526116,1780248583345,2026-05-31,Sunday,20,evening,Instagram,STORIES,0.95,0,1,0.00,0,0,0,0,N/A,0,false,0.64,46,53,74,39,7
85bfc215-c24f-4814-aa00-6794f1a7278a,1780248318276,1780248487776,2026-05-31,Sunday,20,evening,Instagram,STORIES,2.83,0,4,0.00,0,0,0,0,N/A,0,false,2.19,46,53,74,39,7
85bfc215-c24f-4814-aa00-6794f1a7278a,1780247906594,1780248187095,2026-05-31,Sunday,20,evening,Instagram,STORIES,4.68,0,6,0.00,0,0,0,0,N/A,0,false,0.07,46,53,74,39,7
85bfc215-c24f-4814-aa00-6794f1a7278a,1780247194345,1780247902486,2026-05-31,Sunday,20,evening,Instagram,LONG_FORM,11.80,0,11,0.00,0,0,0,0,N/A,0,false,1.65,46,53,74,39,7
85bfc215-c24f-4814-aa00-6794f1a7278a,1780247062485,1780247095471,2026-05-31,Sunday,20,evening,Instagram,STANDARD,0.55,0,0,0.00,0,0,0,0,N/A,0,false,2.64,46,53,74,39,7
85bfc215-c24f-4814-aa00-6794f1a7278a,1780246786519,1780246904227,2026-05-31,Sunday,19,evening,Instagram,STANDARD,1.96,0,0,0.00,0,0,0,0,N/A,0,false,1.02,46,53,74,39,7
85bfc215-c24f-4814-aa00-6794f1a7278a,1780246682283,1780246725398,2026-05-31,Sunday,19,evening,Instagram,STORIES,0.72,0,2,0.00,0,0,0,0,N/A,0,false,0.26,46,53,74,39,7
85bfc215-c24f-4814-aa00-6794f1a7278a,1780246576378,1780246666760,2026-05-31,Sunday,19,evening,Instagram,STANDARD,1.51,0,0,0.00,0,0,0,0,N/A,0,false,4.65,46,53,74,39,7
85bfc215-c24f-4814-aa00-6794f1a7278a,1780246214450,1780246297434,2026-05-31,Sunday,19,evening,Instagram,STANDARD,1.38,0,0,0.00,0,0,0,0,N/A,0,false,0.12,46,53,74,39,7
85bfc215-c24f-4814-aa00-6794f1a7278a,1780245615313,1780246207326,2026-05-31,Sunday,19,evening,Instagram,STORIES,9.87,0,12,0.00,0,0,0,0,N/A,0,false,2.05,46,53,74,39,7
85bfc215-c24f-4814-aa00-6794f1a7278a,1780245123717,1780245492584,2026-05-31,Sunday,19,evening,Instagram,STORIES,6.15,0,5,0.00,0,0,0,0,N/A,0,false,0.31,46,53,74,39,7
85bfc215-c24f-4814-aa00-6794f1a7278a,1780243843090,1780245105288,2026-05-31,Sunday,19,evening,Instagram,LONG_FORM,21.04,0,20,0.00,0,0,0,0,N/A,0,false,5.38,46,53,74,39,7
85bfc215-c24f-4814-aa00-6794f1a7278a,1780243374612,1780243520163,2026-05-31,Sunday,19,evening,Instagram,STORIES,2.43,0,3,0.00,0,0,0,0,N/A,0,false,0.07,46,53,74,39,7
85bfc215-c24f-4814-aa00-6794f1a7278a,1780242810112,1780243370303,2026-05-31,Sunday,18,evening,Instagram,STORIES,9.34,0,15,0.00,0,0,0,0,N/A,0,false,0.25,46,53,74,39,7
85bfc215-c24f-4814-aa00-6794f1a7278a,1780242546799,1780242795304,2026-05-31,Sunday,18,evening,Instagram,STORIES,4.14,0,7,0.00,0,0,0,0,N/A,0,false,19.95,46,53,74,39,7
85bfc215-c24f-4814-aa00-6794f1a7278a,1780241269124,1780241349980,2026-05-31,Sunday,18,evening,Instagram,STORIES,1.35,0,1,0.00,0,0,0,0,N/A,0,false,19.06,46,53,74,39,7
85bfc215-c24f-4814-aa00-6794f1a7278a,1780239895978,1780240125583,2026-05-31,Sunday,18,evening,Instagram,STORIES,3.83,0,10,0.00,0,0,0,0,N/A,0,false,126.71,46,53,74,39,7
85bfc215-c24f-4814-aa00-6794f1a7278a,1780232084365,1780232293465,2026-05-31,Sunday,15,afternoon,Instagram,STORIES,3.48,0,4,0.00,0,0,0,0,N/A,0,false,3.28,46,53,74,39,7
85bfc215-c24f-4814-aa00-6794f1a7278a,1780231208047,1780231887536,2026-05-31,Sunday,15,afternoon,Instagram,LONG_FORM,11.32,0,5,0.00,0,0,0,0,N/A,0,false,393.35,46,53,74,39,7
85bfc215-c24f-4814-aa00-6794f1a7278a,1780206732076,1780207606918,2026-05-31,Sunday,8,morning,Instagram,LONG_FORM,14.58,0,15,0.00,0,0,0,0,N/A,0,false,0.04,46,53,74,39,7
85bfc215-c24f-4814-aa00-6794f1a7278a,1780206625259,1780206729934,2026-05-31,Sunday,8,morning,Instagram,STORIES,1.74,0,2,0.00,0,0,0,0,N/A,0,false,0.12,46,53,74,39,7
85bfc215-c24f-4814-aa00-6794f1a7278a,1780205922891,1780206617764,2026-05-31,Sunday,8,morning,Instagram,LONG_FORM,11.58,0,14,0.00,0,0,0,0,N/A,0,false,0.12,46,53,74,39,7
85bfc215-c24f-4814-aa00-6794f1a7278a,1780205328926,1780205915581,2026-05-31,Sunday,8,morning,Instagram,STORIES,9.78,0,15,0.00,0,0,0,0,N/A,0,false,0.07,46,53,74,39,7
85bfc215-c24f-4814-aa00-6794f1a7278a,1780204840194,1780205324873,2026-05-31,Sunday,8,morning,Instagram,STORIES,8.08,0,7,0.00,0,0,0,0,N/A,0,false,491.12,46,53,74,39,7
85bfc215-c24f-4814-aa00-6794f1a7278a,1780175086800,1780175373220,2026-05-31,Sunday,0,night,Instagram,STORIES,4.77,0,1,0.00,0,0,0,0,N/A,0,false,48.95,46,53,74,39,7
85bfc215-c24f-4814-aa00-6794f1a7278a,1780171766968,1780172149826,2026-05-30,Saturday,23,night,Instagram,STORIES,6.38,0,3,0.00,0,0,0,0,N/A,0,false,233.73,24,38,38,5,10
85bfc215-c24f-4814-aa00-6794f1a7278a,1780157706242,1780157743262,2026-05-30,Saturday,19,evening,Instagram,STORIES,0.62,0,3,0.00,0,0,0,0,N/A,0,false,162.82,24,38,38,5,10
85bfc215-c24f-4814-aa00-6794f1a7278a,1780146147525,1780147936749,2026-05-30,Saturday,16,afternoon,Instagram,LONG_FORM,29.82,0,20,0.00,0,0,0,0,N/A,0,false,354.55,24,38,38,5,10
85bfc215-c24f-4814-aa00-6794f1a7278a,1780145475527,1780145746380,2026-05-30,Saturday,15,afternoon,YouTube,STANDARD,4.51,0,6,0.00,0,0,0,0,N/A,16,false,247.81,24,38,38,5,10
85bfc215-c24f-4814-aa00-6794f1a7278a,1780130368497,1780130606923,2026-05-30,Saturday,11,morning,YouTube,STANDARD,3.97,0,15,0.00,0,0,0,0,N/A,16,false,1445.53,24,38,38,5,10
85bfc215-c24f-4814-aa00-6794f1a7278a,1780124495931,1780124874531,2026-05-30,Saturday,10,morning,Instagram,STORIES,6.31,0,5,0.00,0,0,0,0,N/A,0,false,611.82,24,38,38,5,10
85bfc215-c24f-4814-aa00-6794f1a7278a,1780087537858,1780087787029,2026-05-29,Friday,23,night,Instagram,STORIES,4.15,0,2,0.00,0,0,0,0,N/A,0,false,0.11,41,54,58,26,20
85bfc215-c24f-4814-aa00-6794f1a7278a,1780086424903,1780087531170,2026-05-29,Friday,23,night,Instagram,LONG_FORM,18.44,0,2,0.00,0,0,0,0,N/A,0,false,78.26,41,54,58,26,20
85bfc215-c24f-4814-aa00-6794f1a7278a,1780079832113,1780081729333,2026-05-29,Friday,21,evening,Instagram,LONG_FORM,31.62,0,4,0.00,0,0,0,0,N/A,0,false,2.55,41,54,58,26,20
85bfc215-c24f-4814-aa00-6794f1a7278a,1780079094898,1780079679042,2026-05-29,Friday,21,evening,Instagram,STORIES,9.74,0,2,0.00,0,0,0,0,N/A,0,false,2.07,41,54,58,26,20
85bfc215-c24f-4814-aa00-6794f1a7278a,1780077706588,1780078970489,2026-05-29,Friday,21,evening,Instagram,LONG_FORM,21.07,0,1,0.00,0,0,0,0,N/A,0,false,236.99,41,54,58,26,20
85bfc215-c24f-4814-aa00-6794f1a7278a,1780063455965,1780063487149,2026-05-29,Friday,17,evening,Instagram,STORIES,0.52,0,6,0.00,0,0,0,0,N/A,0,false,0.77,41,54,58,26,20
85bfc215-c24f-4814-aa00-6794f1a7278a,1780063275887,1780063409744,2026-05-29,Friday,17,evening,Instagram,STORIES,2.23,0,3,0.00,0,0,0,0,N/A,0,false,410.50,41,54,58,26,20
85bfc215-c24f-4814-aa00-6794f1a7278a,1780043314001,1780043636743,2026-05-29,Friday,11,morning,YouTube,STANDARD,5.38,0,8,0.00,0,0,0,0,N/A,14,false,118.19,41,54,58,26,20
85bfc215-c24f-4814-aa00-6794f1a7278a,1780038156153,1780038646009,2026-05-29,Friday,10,morning,Instagram,STORIES,8.16,0,1,0.00,0,0,0,0,N/A,0,false,13.28,41,54,58,26,20
85bfc215-c24f-4814-aa00-6794f1a7278a,1780037261147,1780037359525,2026-05-29,Friday,9,morning,Instagram,STORIES,1.64,0,3,0.00,0,0,0,0,N/A,0,false,2.17,41,54,58,26,20
85bfc215-c24f-4814-aa00-6794f1a7278a,1780036600238,1780037131017,2026-05-29,Friday,9,morning,Instagram,STORIES,8.85,0,8,0.00,0,0,0,0,N/A,0,false,16.41,41,54,58,26,20
85bfc215-c24f-4814-aa00-6794f1a7278a,1780035654439,1780036222850,2026-05-29,Friday,9,morning,YouTube,STANDARD,9.47,0,10,0.00,0,0,0,0,N/A,14,false,6576.54,41,54,58,26,20
85bfc215-c24f-4814-aa00-6794f1a7278a,1780035508515,1780035615759,2026-05-29,Friday,9,morning,Instagram,STORIES,1.79,0,8,0.00,0,0,0,0,N/A,0,false,0.48,41,54,58,26,20
85bfc215-c24f-4814-aa00-6794f1a7278a,1780035115261,1780035479885,2026-05-29,Friday,9,morning,Instagram,STORIES,6.08,0,1,0.00,0,0,0,0,N/A,0,false,745.68,41,54,58,26,20
85bfc215-c24f-4814-aa00-6794f1a7278a,1779990328760,1779990374681,2026-05-28,Thursday,20,evening,Instagram,STANDARD,0.77,0,0,0.00,0,0,0,0,N/A,0,false,51.47,21,5,28,52,0
85bfc215-c24f-4814-aa00-6794f1a7278a,1779987109883,1779987240306,2026-05-28,Thursday,19,evening,Instagram,STORIES,2.17,0,3,0.00,0,0,0,0,N/A,0,false,0.00,21,5,28,52,0
85bfc215-c24f-4814-aa00-6794f1a7278a,1779987043408,1779987109832,2026-05-28,Thursday,19,evening,Instagram,STORIES,1.11,0,2,0.00,0,0,0,0,N/A,0,false,1603.07,21,5,28,52,0
85bfc215-c24f-4814-aa00-6794f1a7278a,1779890827733,1779890858989,2026-05-27,Wednesday,17,evening,Instagram,STORIES,0.52,0,4,0.00,0,0,0,0,N/A,0,false,2.97,24,23,41,26,0
85bfc215-c24f-4814-aa00-6794f1a7278a,1779890408637,1779890649755,2026-05-27,Wednesday,17,evening,Instagram,STORIES,4.02,0,12,0.00,0,0,0,0,N/A,0,false,0.00,24,23,41,26,0
85bfc215-c24f-4814-aa00-6794f1a7278a,1779890005212,1779890408589,2026-05-27,Wednesday,16,afternoon,Instagram,STORIES,6.72,0,8,0.00,0,0,0,0,N/A,0,false,219.73,24,23,41,26,0
85bfc215-c24f-4814-aa00-6794f1a7278a,1779876703292,1779876821115,2026-05-27,Wednesday,13,afternoon,Instagram,STORIES,1.96,0,1,0.00,0,0,0,0,N/A,0,false,3.42,24,23,41,26,0
85bfc215-c24f-4814-aa00-6794f1a7278a,1779875653068,1779876498370,2026-05-27,Wednesday,12,afternoon,Instagram,LONG_FORM,14.09,0,24,0.00,0,0,0,0,N/A,0,false,1337.92,24,23,41,26,0
85bfc215-c24f-4814-aa00-6794f1a7278a,1779795250974,1779795378043,2026-05-26,Tuesday,14,afternoon,Instagram,STORIES,2.12,0,21,0.00,0,0,0,0,N/A,0,false,0.20,13,5,28,17,0
85bfc215-c24f-4814-aa00-6794f1a7278a,1779795164531,1779795238751,2026-05-26,Tuesday,14,afternoon,Instagram,STORIES,1.24,0,10,0.00,0,0,0,0,N/A,0,false,377.46,13,5,28,17,0
85bfc215-c24f-4814-aa00-6794f1a7278a,1779772470643,1779772516833,2026-05-26,Tuesday,8,morning,Instagram,STANDARD,0.77,0,0,0.00,0,0,0,0,N/A,0,false,675.77,13,5,28,17,0
85bfc215-c24f-4814-aa00-6794f1a7278a,1779731576907,1779731924408,2026-05-25,Monday,20,evening,Instagram,STORIES,5.79,0,7,0.00,0,0,0,0,N/A,0,false,0.06,35,35,60,38,0
85bfc215-c24f-4814-aa00-6794f1a7278a,1779731107561,1779731573291,2026-05-25,Monday,20,evening,Instagram,STORIES,7.76,0,11,0.00,0,0,0,0,N/A,0,false,163.61,35,35,60,38,0
85bfc215-c24f-4814-aa00-6794f1a7278a,1779720872437,1779721290903,2026-05-25,Monday,17,evening,Instagram,STORIES,6.97,0,11,0.00,0,0,0,0,N/A,0,false,0.24,35,35,60,38,0
85bfc215-c24f-4814-aa00-6794f1a7278a,1779720236912,1779720858280,2026-05-25,Monday,17,evening,Instagram,LONG_FORM,10.36,0,10,0.00,0,0,0,0,N/A,0,false,0.22,35,35,60,38,0
85bfc215-c24f-4814-aa00-6794f1a7278a,1779720161738,1779720223913,2026-05-25,Monday,17,evening,Instagram,STORIES,1.04,0,6,0.00,0,0,0,0,N/A,0,false,0.77,35,35,60,38,0
85bfc215-c24f-4814-aa00-6794f1a7278a,1779719672952,1779720115515,2026-05-25,Monday,17,evening,Instagram,STORIES,7.38,0,5,0.00,0,0,0,0,N/A,0,false,0.42,35,35,60,38,0
85bfc215-c24f-4814-aa00-6794f1a7278a,1779719262529,1779719647929,2026-05-25,Monday,17,evening,Instagram,STORIES,6.42,0,7,0.00,0,0,0,0,N/A,0,false,2.58,35,35,60,38,0
85bfc215-c24f-4814-aa00-6794f1a7278a,1779718986397,1779719107681,2026-05-25,Monday,17,evening,Instagram,STORIES,2.02,0,2,0.00,0,0,0,0,N/A,0,false,176.04,35,35,60,38,0
85bfc215-c24f-4814-aa00-6794f1a7278a,1779707626907,1779708424196,2026-05-25,Monday,14,afternoon,Instagram,LONG_FORM,13.29,0,7,0.00,0,0,0,0,N/A,0,false,142.09,35,35,60,38,0
85bfc215-c24f-4814-aa00-6794f1a7278a,1779698965607,1779699101534,2026-05-25,Monday,11,morning,Instagram,STANDARD,2.27,0,0,0.00,0,0,0,0,N/A,0,false,0.34,35,35,60,38,0
85bfc215-c24f-4814-aa00-6794f1a7278a,1779698683875,1779698945426,2026-05-25,Monday,11,morning,Instagram,STORIES,4.36,0,7,0.00,0,0,0,0,N/A,0,false,4.84,35,35,60,38,0
85bfc215-c24f-4814-aa00-6794f1a7278a,1779698308100,1779698393221,2026-05-25,Monday,11,morning,Instagram,STORIES,1.42,0,1,0.00,0,0,0,0,N/A,0,false,5.08,35,35,60,38,0
85bfc215-c24f-4814-aa00-6794f1a7278a,1779697877606,1779698003099,2026-05-25,Monday,11,morning,Instagram,STORIES,2.09,0,2,0.00,0,0,0,0,N/A,0,false,840.94,35,35,60,38,0
85bfc215-c24f-4814-aa00-6794f1a7278a,1779646892200,1779647420936,2026-05-24,Sunday,21,evening,Instagram,STORIES,8.81,0,3,0.00,0,0,0,0,N/A,0,false,0.39,30,35,53,25,0
85bfc215-c24f-4814-aa00-6794f1a7278a,1779646564832,1779646868670,2026-05-24,Sunday,21,evening,Instagram,STORIES,5.06,0,8,0.00,0,0,0,0,N/A,0,false,0.94,30,35,53,25,0
85bfc215-c24f-4814-aa00-6794f1a7278a,1779646414776,1779646508464,2026-05-24,Sunday,21,evening,Instagram,STORIES,1.56,0,5,0.00,0,0,0,0,N/A,0,false,3.25,30,35,53,25,0
85bfc215-c24f-4814-aa00-6794f1a7278a,1779646155066,1779646219711,2026-05-24,Sunday,21,evening,Instagram,STANDARD,1.08,0,0,0.00,0,0,0,0,N/A,0,false,91.23,30,35,53,25,0
85bfc215-c24f-4814-aa00-6794f1a7278a,1779640889317,1779641062154,2026-05-24,Sunday,19,evening,YouTube,STANDARD,2.88,0,1,0.00,0,0,0,0,N/A,9,false,0.47,30,35,53,25,0
85bfc215-c24f-4814-aa00-6794f1a7278a,1779640687098,1779640860983,2026-05-24,Sunday,19,evening,YouTube,STANDARD,2.90,0,2,0.00,0,0,0,0,N/A,9,false,3521.33,30,35,53,25,0
85bfc215-c24f-4814-aa00-6794f1a7278a,1779640586726,1779640681380,2026-05-24,Sunday,19,evening,Instagram,STANDARD,1.58,0,0,0.00,0,0,0,0,N/A,0,false,102.87,30,35,53,25,0
85bfc215-c24f-4814-aa00-6794f1a7278a,1779634225567,1779634414654,2026-05-24,Sunday,17,evening,Instagram,STORIES,3.15,0,2,0.00,0,0,0,0,N/A,0,false,84.00,30,35,53,25,0
85bfc215-c24f-4814-aa00-6794f1a7278a,1779628569767,1779629185848,2026-05-24,Sunday,16,afternoon,Instagram,LONG_FORM,10.27,0,4,0.00,0,0,0,0,N/A,0,false,115.37,30,35,53,25,0
85bfc215-c24f-4814-aa00-6794f1a7278a,1779621611657,1779621647856,2026-05-24,Sunday,14,afternoon,Instagram,STORIES,0.60,0,1,0.00,0,0,0,0,N/A,0,false,373.99,30,35,53,25,0
85bfc215-c24f-4814-aa00-6794f1a7278a,1779597777558,1779599172071,2026-05-24,Sunday,7,morning,Instagram,LONG_FORM,23.24,0,1,0.00,0,0,0,0,N/A,0,false,515.88,30,35,53,25,0
85bfc215-c24f-4814-aa00-6794f1a7278a,1779565750276,1779566824678,2026-05-23,Saturday,22,night,Instagram,LONG_FORM,17.91,0,6,0.00,0,0,0,0,N/A,0,false,7.17,31,46,24,11,45
85bfc215-c24f-4814-aa00-6794f1a7278a,1779564523405,1779565320121,2026-05-23,Saturday,22,night,Instagram,LONG_FORM,13.28,0,2,0.00,0,0,0,0,N/A,0,false,0.19,31,46,24,11,45
85bfc215-c24f-4814-aa00-6794f1a7278a,1779562964580,1779564511983,2026-05-23,Saturday,22,night,Instagram,LONG_FORM,25.79,0,10,0.00,0,0,0,0,N/A,0,false,639.61,31,46,24,11,45
85bfc215-c24f-4814-aa00-6794f1a7278a,1779524182362,1779524587801,2026-05-23,Saturday,11,morning,Instagram,STORIES,6.76,0,2,0.00,0,0,0,0,N/A,0,false,832.38,31,46,24,11,45
85bfc215-c24f-4814-aa00-6794f1a7278a,1779474036986,1779474239713,2026-05-22,Friday,21,evening,Instagram,STORIES,3.38,0,1,0.00,0,0,0,0,N/A,0,false,36.90,37,53,56,21,11
85bfc215-c24f-4814-aa00-6794f1a7278a,1779468843542,1779471823268,2026-05-22,Friday,19,evening,Instagram,LONG_FORM,49.66,0,23,0.00,0,0,0,0,N/A,0,false,0.33,37,53,56,21,11
85bfc215-c24f-4814-aa00-6794f1a7278a,1779467942234,1779468823731,2026-05-22,Friday,19,evening,Instagram,LONG_FORM,14.69,0,15,0.00,0,0,0,0,N/A,0,false,0.13,37,53,56,21,11
85bfc215-c24f-4814-aa00-6794f1a7278a,1779467564526,1779467934661,2026-05-22,Friday,19,evening,Instagram,STORIES,6.17,0,6,0.00,0,0,0,0,N/A,0,false,222.64,37,53,56,21,11
85bfc215-c24f-4814-aa00-6794f1a7278a,1779453782205,1779454205954,2026-05-22,Friday,15,afternoon,Instagram,STORIES,7.06,0,3,0.00,0,0,0,0,N/A,0,false,64.91,37,53,56,21,11
85bfc215-c24f-4814-aa00-6794f1a7278a,1779449688290,1779449887521,2026-05-22,Friday,14,afternoon,Instagram,STANDARD,3.32,0,0,0.00,0,0,0,0,N/A,0,false,126.62,37,53,56,21,11
85bfc215-c24f-4814-aa00-6794f1a7278a,1779441979779,1779442091153,2026-05-22,Friday,12,afternoon,Instagram,STANDARD,1.86,0,0,0.00,0,0,0,0,N/A,0,false,2.19,37,53,56,21,11
85bfc215-c24f-4814-aa00-6794f1a7278a,1779441429557,1779441848496,2026-05-22,Friday,12,afternoon,Instagram,STORIES,6.98,0,1,0.00,0,0,0,0,N/A,0,false,210.70,37,53,56,21,11
85bfc215-c24f-4814-aa00-6794f1a7278a,1779429310843,1779429407017,2026-05-22,Friday,8,morning,YouTube,STANDARD,1.60,0,3,0.00,0,0,0,0,N/A,5,false,958.52,37,53,56,21,11
85bfc215-c24f-4814-aa00-6794f1a7278a,1779428730431,1779428787583,2026-05-22,Friday,8,morning,Instagram,STANDARD,0.95,0,0,0.00,0,0,0,0,N/A,0,false,151.75,37,53,56,21,11
85bfc215-c24f-4814-aa00-6794f1a7278a,1779419386773,1779419625324,2026-05-22,Friday,6,morning,Instagram,STANDARD,3.98,0,0,0.00,0,0,0,0,N/A,0,false,0.02,37,53,56,21,11
85bfc215-c24f-4814-aa00-6794f1a7278a,1779419075266,1779419385494,2026-05-22,Friday,6,morning,Instagram,STORIES,5.17,0,1,0.00,0,0,0,0,N/A,0,false,393.87,37,53,56,21,11
85bfc215-c24f-4814-aa00-6794f1a7278a,1779393423376,1779395443126,2026-05-21,Thursday,22,night,Instagram,LONG_FORM,33.66,0,10,0.00,0,0,0,0,N/A,0,false,5.53,46,55,57,40,28
85bfc215-c24f-4814-aa00-6794f1a7278a,1779391548098,1779393091826,2026-05-21,Thursday,22,night,Instagram,LONG_FORM,25.73,0,15,0.00,0,0,0,0,N/A,0,false,1.11,46,55,57,40,28
85bfc215-c24f-4814-aa00-6794f1a7278a,1779391276329,1779391481618,2026-05-21,Thursday,22,night,Instagram,STORIES,3.42,0,2,0.00,0,0,0,0,N/A,0,false,70.49,46,55,57,40,28
85bfc215-c24f-4814-aa00-6794f1a7278a,1779386640217,1779387047089,2026-05-21,Thursday,21,evening,Instagram,STORIES,6.78,0,5,0.00,0,0,0,0,N/A,0,false,1.43,46,55,57,40,28
85bfc215-c24f-4814-aa00-6794f1a7278a,1779385613681,1779386554316,2026-05-21,Thursday,20,evening,Instagram,LONG_FORM,15.68,0,28,0.00,0,0,0,0,N/A,0,false,0.15,46,55,57,40,28
85bfc215-c24f-4814-aa00-6794f1a7278a,1779385166203,1779385604535,2026-05-21,Thursday,20,evening,Instagram,STORIES,7.31,0,12,0.00,0,0,0,0,N/A,0,false,0.14,46,55,57,40,28
85bfc215-c24f-4814-aa00-6794f1a7278a,1779384542059,1779385157834,2026-05-21,Thursday,20,evening,Instagram,LONG_FORM,10.26,0,17,0.00,0,0,0,0,N/A,0,false,0.13,46,55,57,40,28
85bfc215-c24f-4814-aa00-6794f1a7278a,1779384422521,1779384534527,2026-05-21,Thursday,20,evening,Instagram,STORIES,1.87,0,5,0.00,0,0,0,0,N/A,0,false,0.19,46,55,57,40,28
85bfc215-c24f-4814-aa00-6794f1a7278a,1779383714830,1779384411105,2026-05-21,Thursday,20,evening,Instagram,LONG_FORM,11.60,0,19,0.00,0,0,0,0,N/A,0,false,321.88,46,55,57,40,28
85bfc215-c24f-4814-aa00-6794f1a7278a,1779371765925,1779371799677,2026-05-21,Thursday,16,afternoon,YouTube,STANDARD,0.56,0,0,0.00,0,0,0,0,N/A,4,false,2032.59,46,55,57,40,28
85bfc215-c24f-4814-aa00-6794f1a7278a,1779364279260,1779364401852,2026-05-21,Thursday,14,afternoon,Instagram,STORIES,2.04,0,3,0.00,0,0,0,0,N/A,0,false,967.70,46,55,57,40,28
85bfc215-c24f-4814-aa00-6794f1a7278a,1779305302149,1779306217480,2026-05-20,Wednesday,22,night,Instagram,LONG_FORM,15.26,0,14,0.00,0,0,0,0,N/A,0,false,67.61,23,29,40,11,8
85bfc215-c24f-4814-aa00-6794f1a7278a,1779300926980,1779301245759,2026-05-20,Wednesday,21,evening,Instagram,STORIES,5.31,0,3,0.00,0,0,0,0,N/A,0,false,334.72,23,29,40,11,8
85bfc215-c24f-4814-aa00-6794f1a7278a,1779280657055,1779280843515,2026-05-20,Wednesday,15,afternoon,Instagram,STORIES,3.11,0,1,0.00,0,0,0,0,N/A,0,false,155.48,23,29,40,11,8
85bfc215-c24f-4814-aa00-6794f1a7278a,1779271190125,1779271328247,2026-05-20,Wednesday,12,afternoon,Instagram,STORIES,2.30,0,2,0.00,0,0,0,0,N/A,0,false,86.21,23,29,40,11,8
85bfc215-c24f-4814-aa00-6794f1a7278a,1779265979649,1779266017437,2026-05-20,Wednesday,11,morning,Instagram,STORIES,0.63,0,5,0.00,0,0,0,0,N/A,0,false,4.41,23,29,40,11,8
85bfc215-c24f-4814-aa00-6794f1a7278a,1779265659170,1779265714963,2026-05-20,Wednesday,11,morning,Instagram,STORIES,0.93,0,1,0.00,0,0,0,0,N/A,0,false,941.75,23,29,40,11,8
85bfc215-c24f-4814-aa00-6794f1a7278a,1779248867505,1779249810370,2026-05-20,Wednesday,6,morning,YouTube,LONG_FORM,15.71,0,2,0.00,0,0,0,0,N/A,2,false,0.36,23,29,40,11,8
85bfc215-c24f-4814-aa00-6794f1a7278a,1779248715355,1779248845630,2026-05-20,Wednesday,6,morning,YouTube,STANDARD,2.17,0,5,0.00,0,0,0,0,N/A,2,false,1171.06,23,29,40,11,8
85bfc215-c24f-4814-aa00-6794f1a7278a,1779209106076,1779209154363,2026-05-19,Tuesday,19,evening,Instagram,STANDARD,0.80,0,0,0.00,0,0,0,0,N/A,0,false,146.31,42,69,47,20,24
85bfc215-c24f-4814-aa00-6794f1a7278a,1779200003049,1779200327480,2026-05-19,Tuesday,17,evening,Instagram,STORIES,5.41,0,2,0.00,0,0,0,0,N/A,0,false,228.03,42,69,47,20,24
85bfc215-c24f-4814-aa00-6794f1a7278a,1779185879567,1779186321082,2026-05-19,Tuesday,13,afternoon,Instagram,STORIES,7.36,0,3,0.00,0,0,0,0,N/A,0,false,0.50,42,69,47,20,24
85bfc215-c24f-4814-aa00-6794f1a7278a,1779185686414,1779185849744,2026-05-19,Tuesday,13,afternoon,Instagram,STANDARD,2.72,0,0,0.00,0,0,0,0,N/A,0,false,0.52,42,69,47,20,24
85bfc215-c24f-4814-aa00-6794f1a7278a,1779184533354,1779185655252,2026-05-19,Tuesday,12,afternoon,Instagram,LONG_FORM,18.70,0,7,0.00,0,0,0,0,N/A,0,false,274.46,42,69,47,20,24
85bfc215-c24f-4814-aa00-6794f1a7278a,1779176667171,1779178451952,2026-05-19,Tuesday,10,morning,YouTube,LONG_FORM,29.75,0,7,0.00,0,0,0,0,N/A,2,false,9.17,42,69,47,20,24
85bfc215-c24f-4814-aa00-6794f1a7278a,1779174911015,1779176117134,2026-05-19,Tuesday,10,morning,YouTube,LONG_FORM,20.10,0,7,0.00,0,0,0,0,N/A,2,false,11.73,42,69,47,20,24
85bfc215-c24f-4814-aa00-6794f1a7278a,1779173434557,1779174207154,2026-05-19,Tuesday,9,morning,YouTube,STANDARD,12.88,0,8,0.00,0,0,0,0,N/A,2,false,0.84,42,69,47,20,24
85bfc215-c24f-4814-aa00-6794f1a7278a,1779170673139,1779173384446,2026-05-19,Tuesday,9,morning,YouTube,LONG_FORM,45.19,0,8,0.00,0,0,0,0,N/A,2,true,919.33,42,69,47,20,24
85bfc215-c24f-4814-aa00-6794f1a7278a,1779167583145,1779168065682,2026-05-19,Tuesday,8,morning,Instagram,STORIES,8.04,0,3,0.00,0,0,0,0,N/A,0,false,1.94,42,69,47,20,24
85bfc215-c24f-4814-aa00-6794f1a7278a,1779165325929,1779167466471,2026-05-19,Tuesday,7,morning,Instagram,LONG_FORM,35.68,0,13,0.00,0,0,0,0,N/A,0,false,403.50,42,69,47,20,24
85bfc215-c24f-4814-aa00-6794f1a7278a,1779140692445,1779141115680,2026-05-19,Tuesday,0,night,Instagram,STORIES,7.05,0,3,0.00,0,0,0,0,N/A,0,false,466.00,42,69,47,20,24
85bfc215-c24f-4814-aa00-6794f1a7278a,1779115240090,1779115513602,2026-05-18,Monday,17,evening,YouTube,STANDARD,4.56,0,7,0.00,0,0,0,0,N/A,1,false,5.80,25,29,39,27,0
85bfc215-c24f-4814-aa00-6794f1a7278a,1779114000945,1779114891959,2026-05-18,Monday,17,evening,YouTube,STANDARD,14.85,0,6,0.00,0,0,0,0,N/A,1,false,1631.60,25,29,39,27,0
85bfc215-c24f-4814-aa00-6794f1a7278a,1779112615429,1779112732486,2026-05-18,Monday,16,afternoon,Instagram,STANDARD,1.95,0,0,0.00,0,0,0,0,N/A,0,false,163.38,25,29,39,27,0
85bfc215-c24f-4814-aa00-6794f1a7278a,1779102183166,1779102812886,2026-05-18,Monday,14,afternoon,Instagram,REELS,10.50,735,6,70.03,215,261,302,79,Browsing,0,false,43.09,25,29,39,27,0
85bfc215-c24f-4814-aa00-6794f1a7278a,1779099543642,1779099597864,2026-05-18,Monday,13,afternoon,Instagram,REELS,0.90,36,1,39.84,169,8,8,1,Reading,0,false,29.04,25,29,39,27,0
85bfc215-c24f-4814-aa00-6794f1a7278a,1779097442031,1779097801349,2026-05-18,Monday,12,afternoon,Instagram,REELS,5.99,342,3,57.11,197,128,123,29,Reading,0,false,2.65,25,29,39,27,0
85bfc215-c24f-4814-aa00-6794f1a7278a,1779097107024,1779097282744,2026-05-18,Monday,12,afternoon,Instagram,REELS,2.93,83,2,28.34,225,24,40,8,Browsing,0,false,30.82,25,29,39,27,0
85bfc215-c24f-4814-aa00-6794f1a7278a,1779095056068,1779095257887,2026-05-18,Monday,12,afternoon,Instagram,STANDARD,3.36,0,0,0.00,0,0,0,0,N/A,0,false,10.93,25,29,39,27,0
85bfc215-c24f-4814-aa00-6794f1a7278a,1779094307033,1779094400375,2026-05-18,Monday,11,morning,Instagram,STANDARD,1.56,0,0,0.00,0,0,0,0,N/A,0,false,873.22,25,29,39,27,0
85bfc215-c24f-4814-aa00-6794f1a7278a,1779041852979,1779041914009,2026-05-17,Sunday,21,evening,Instagram,STANDARD,1.02,0,0,0.00,0,0,0,0,N/A,0,false,70.77,26,28,44,26,0
85bfc215-c24f-4814-aa00-6794f1a7278a,1779037435866,1779037607069,2026-05-17,Sunday,20,evening,Instagram,STANDARD,2.85,0,0,0.00,0,0,0,0,N/A,0,false,253.69,26,28,44,26,0
85bfc215-c24f-4814-aa00-6794f1a7278a,1779021667153,1779022214477,2026-05-17,Sunday,15,afternoon,Instagram,STANDARD,9.12,0,0,0.00,0,0,0,0,N/A,0,false,106.39,26,28,44,26,0
85bfc215-c24f-4814-aa00-6794f1a7278a,1779015960719,1779016104972,2026-05-17,Sunday,14,afternoon,YouTube,STANDARD,2.40,0,0,0.00,0,0,0,0,N/A,0,false,1.95,26,28,44,26,0
85bfc215-c24f-4814-aa00-6794f1a7278a,1779015595827,1779015843491,2026-05-17,Sunday,13,afternoon,YouTube,STANDARD,4.13,0,0,0.00,0,0,0,0,N/A,0,false,5797.59,26,28,44,26,0
85bfc215-c24f-4814-aa00-6794f1a7278a,1779014266758,1779015283793,2026-05-17,Sunday,13,afternoon,Instagram,LONG_FORM,16.95,0,0,0.00,0,0,0,0,N/A,0,false,0.12,26,28,44,26,0
85bfc215-c24f-4814-aa00-6794f1a7278a,1779014024928,1779014259326,2026-05-17,Sunday,13,afternoon,Instagram,STANDARD,3.91,0,0,0.00,0,0,0,0,N/A,0,false,4.32,26,28,44,26,0
85bfc215-c24f-4814-aa00-6794f1a7278a,1779013724843,1779013765910,2026-05-17,Sunday,13,afternoon,Instagram,STANDARD,0.68,0,0,0.00,0,0,0,0,N/A,0,false,1173.50,26,28,44,26,0
85bfc215-c24f-4814-aa00-6794f1a7278a,1778942819071,1778943314855,2026-05-16,Saturday,17,evening,Instagram,STANDARD,8.26,0,0,0.00,0,0,0,0,N/A,0,false,0.10,28,43,39,13,11
85bfc215-c24f-4814-aa00-6794f1a7278a,1778942252438,1778942813135,2026-05-16,Saturday,17,evening,Instagram,STANDARD,9.34,0,0,0.00,0,0,0,0,N/A,0,false,171.60,28,43,39,13,11
85bfc215-c24f-4814-aa00-6794f1a7278a,1778931806222,1778931956402,2026-05-16,Saturday,14,afternoon,Instagram,STANDARD,2.50,0,0,0.00,0,0,0,0,N/A,0,false,234.22,28,43,39,13,11
85bfc215-c24f-4814-aa00-6794f1a7278a,1778917514296,1778917752892,2026-05-16,Saturday,10,morning,Instagram,STANDARD,3.98,0,0,0.00,0,0,0,0,N/A,0,false,107.67,28,43,39,13,11
85bfc215-c24f-4814-aa00-6794f1a7278a,1778909051046,1778911054346,2026-05-16,Saturday,8,morning,Instagram,LONG_FORM,33.39,0,0,0.00,0,0,0,0,N/A,0,false,588.69,28,43,39,13,11
85bfc215-c24f-4814-aa00-6794f1a7278a,1778873688851,1778873729469,2026-05-15,Friday,22,night,Instagram,STANDARD,0.68,0,0,0.00,0,0,0,0,N/A,0,false,3.13,22,19,44,11,13
85bfc215-c24f-4814-aa00-6794f1a7278a,1778873334382,1778873500960,2026-05-15,Friday,22,night,Instagram,STANDARD,2.78,0,0,0.00,0,0,0,0,N/A,0,false,317.55,22,19,44,11,13
85bfc215-c24f-4814-aa00-6794f1a7278a,1778854231977,1778854281538,2026-05-15,Friday,17,evening,Instagram,STANDARD,0.83,0,0,0.00,0,0,0,0,N/A,0,false,15.84,22,19,44,11,13
85bfc215-c24f-4814-aa00-6794f1a7278a,1778852976712,1778853281842,2026-05-15,Friday,16,afternoon,Instagram,STANDARD,5.09,0,0,0.00,0,0,0,0,N/A,0,false,26.30,22,19,44,11,13
85bfc215-c24f-4814-aa00-6794f1a7278a,1778851268586,1778851398749,2026-05-15,Friday,16,afternoon,Instagram,STANDARD,2.17,0,0,0.00,0,0,0,0,N/A,0,false,2.11,22,19,44,11,13
85bfc215-c24f-4814-aa00-6794f1a7278a,1778850899590,1778851142103,2026-05-15,Friday,16,afternoon,Instagram,STANDARD,4.04,0,0,0.00,0,0,0,0,N/A,0,false,2.23,22,19,44,11,13
85bfc215-c24f-4814-aa00-6794f1a7278a,1778850714551,1778850765656,2026-05-15,Friday,16,afternoon,Instagram,STANDARD,0.85,0,0,0.00,0,0,0,0,N/A,0,false,590.76,22,19,44,11,13
85bfc215-c24f-4814-aa00-6794f1a7278a,1778815005157,1778815268663,2026-05-15,Friday,6,morning,Instagram,STANDARD,4.39,0,0,0.00,0,0,0,0,N/A,0,false,0.22,22,19,44,11,13
85bfc215-c24f-4814-aa00-6794f1a7278a,1778814440509,1778814991755,2026-05-15,Friday,6,morning,Instagram,STANDARD,9.19,0,0,0.00,0,0,0,0,N/A,0,false,469.73,22,19,44,11,13
85bfc215-c24f-4814-aa00-6794f1a7278a,1778785521743,1778786256682,2026-05-14,Thursday,22,night,Instagram,LONG_FORM,12.25,0,0,0.00,0,0,0,0,N/A,0,false,139.08,31,25,57,36,5
85bfc215-c24f-4814-aa00-6794f1a7278a,1778777056097,1778777176687,2026-05-14,Thursday,19,evening,Instagram,STANDARD,2.01,0,0,0.00,0,0,0,0,N/A,0,false,71.01,31,25,57,36,5
85bfc215-c24f-4814-aa00-6794f1a7278a,1778772752423,1778772795390,2026-05-14,Thursday,18,evening,Instagram,STANDARD,0.72,0,0,0.00,0,0,0,0,N/A,0,false,0.00,31,25,57,36,5
85bfc215-c24f-4814-aa00-6794f1a7278a,1778772240603,1778772752415,2026-05-14,Thursday,18,evening,Instagram,STANDARD,8.53,0,0,0.00,0,0,0,0,N/A,0,false,0.00,31,25,57,36,5
85bfc215-c24f-4814-aa00-6794f1a7278a,1778772149819,1778772240554,2026-05-14,Thursday,18,evening,Instagram,STANDARD,1.51,0,0,0.00,0,0,0,0,N/A,0,false,358.61,31,25,57,36,5
85bfc215-c24f-4814-aa00-6794f1a7278a,1778750494737,1778750633428,2026-05-14,Thursday,12,afternoon,Instagram,STANDARD,2.31,0,0,0.00,0,0,0,0,N/A,0,false,1.40,31,25,57,36,5
85bfc215-c24f-4814-aa00-6794f1a7278a,1778750361242,1778750410856,2026-05-14,Thursday,12,afternoon,Instagram,STANDARD,0.83,0,0,0.00,0,0,0,0,N/A,0,false,0.19,31,25,57,36,5
85bfc215-c24f-4814-aa00-6794f1a7278a,1778750272027,1778750349662,2026-05-14,Thursday,12,afternoon,Instagram,STANDARD,1.29,0,0,0.00,0,0,0,0,N/A,0,false,169.07,31,25,57,36,5
85bfc215-c24f-4814-aa00-6794f1a7278a,1778740065894,1778740128106,2026-05-14,Thursday,9,morning,Instagram,STANDARD,1.04,0,0,0.00,0,0,0,0,N/A,0,false,1.49,31,25,57,36,5
85bfc215-c24f-4814-aa00-6794f1a7278a,1778739620951,1778739976249,2026-05-14,Thursday,9,morning,Instagram,STANDARD,5.92,0,0,0.00,0,0,0,0,N/A,0,false,0.19,31,25,57,36,5
85bfc215-c24f-4814-aa00-6794f1a7278a,1778739512960,1778739609317,2026-05-14,Thursday,9,morning,Instagram,STANDARD,1.61,0,0,0.00,0,0,0,0,N/A,0,false,1.39,31,25,57,36,5
85bfc215-c24f-4814-aa00-6794f1a7278a,1778739170015,1778739429544,2026-05-14,Thursday,9,morning,Instagram,STANDARD,4.33,0,0,0.00,0,0,0,0,N/A,0,false,0.00,31,25,57,36,5
85bfc215-c24f-4814-aa00-6794f1a7278a,1778739107425,1778739169965,2026-05-14,Thursday,9,morning,Instagram,STANDARD,1.04,0,0,0.00,0,0,0,0,N/A,0,false,1233.97,31,25,57,36,5
85bfc215-c24f-4814-aa00-6794f1a7278a,1778667605614,1778667740272,2026-05-13,Wednesday,13,afternoon,YouTube,SHORTS,2.24,494,0,220.11,0,0,0,0,N/A,2,true,942.19,23,23,36,28,0
85bfc215-c24f-4814-aa00-6794f1a7278a,1778663934891,1778665069113,2026-05-13,Wednesday,12,afternoon,Instagram,REELS,18.90,1354,31,71.63,0,0,0,0,N/A,0,false,0.00,23,23,36,28,0
85bfc215-c24f-4814-aa00-6794f1a7278a,1778663864212,1778663934865,2026-05-13,Wednesday,12,afternoon,Instagram,REELS,1.18,3,0,2.55,0,0,0,0,N/A,0,false,881.92,23,23,36,28,0
85bfc215-c24f-4814-aa00-6794f1a7278a,1778655694762,1778655763764,2026-05-13,Wednesday,10,morning,Snapchat,STANDARD,1.15,0,2,0.00,0,0,0,0,N/A,20,false,10791.21,23,23,36,28,0
85bfc215-c24f-4814-aa00-6794f1a7278a,1778610961582,1778611074148,2026-05-12,Tuesday,21,evening,YouTube,SHORTS,1.88,272,0,144.98,0,0,0,0,N/A,2,false,914.93,29,17,61,34,0
85bfc215-c24f-4814-aa00-6794f1a7278a,1778610914225,1778610949063,2026-05-12,Tuesday,21,evening,Instagram,REELS,0.58,89,0,153.28,0,0,0,0,N/A,0,false,3.46,29,17,61,34,0
85bfc215-c24f-4814-aa00-6794f1a7278a,1778610652667,1778610706915,2026-05-12,Tuesday,21,evening,Instagram,REELS,0.90,47,1,51.98,0,0,0,0,N/A,0,false,20.65,29,17,61,34,0
85bfc215-c24f-4814-aa00-6794f1a7278a,1778609211181,1778609413872,2026-05-12,Tuesday,21,evening,Instagram,REELS,3.38,18,5,5.33,0,0,0,0,N/A,0,false,0.12,29,17,61,34,0
85bfc215-c24f-4814-aa00-6794f1a7278a,1778608995496,1778609204121,2026-05-12,Tuesday,21,evening,Instagram,REELS,3.48,82,3,23.58,0,0,0,0,N/A,0,false,15.21,29,17,61,34,0
85bfc215-c24f-4814-aa00-6794f1a7278a,1778608031941,1778608083189,2026-05-12,Tuesday,20,evening,Instagram,REELS,0.85,8,2,9.37,0,0,0,0,N/A,0,false,12.01,29,17,61,34,0
85bfc215-c24f-4814-aa00-6794f1a7278a,1778607255226,1778607311320,2026-05-12,Tuesday,20,evening,Instagram,REELS,0.93,40,1,42.79,0,0,0,0,N/A,0,false,0.00,29,17,61,34,0
85bfc215-c24f-4814-aa00-6794f1a7278a,1778606778017,1778607255224,2026-05-12,Tuesday,20,evening,Instagram,REELS,7.95,21,24,2.64,0,0,0,0,N/A,0,false,2.09,29,17,61,34,0
85bfc215-c24f-4814-aa00-6794f1a7278a,1778606603921,1778606652627,2026-05-12,Tuesday,20,evening,Instagram,REELS,0.81,33,7,40.65,0,0,0,0,N/A,0,false,1.35,29,17,61,34,0
85bfc215-c24f-4814-aa00-6794f1a7278a,1778606464574,1778606523040,2026-05-12,Tuesday,20,evening,Instagram,REELS,0.97,40,4,41.05,0,0,0,0,N/A,0,false,0.00,29,17,61,34,0
85bfc215-c24f-4814-aa00-6794f1a7278a,1778606395089,1778606464566,2026-05-12,Tuesday,20,evening,Instagram,REELS,1.16,26,4,22.45,0,0,0,0,N/A,0,false,1.23,29,17,61,34,0
85bfc215-c24f-4814-aa00-6794f1a7278a,1778606278682,1778606321452,2026-05-12,Tuesday,20,evening,Instagram,REELS,0.71,56,3,78.56,0,0,0,0,N/A,0,false,0.24,29,17,61,34,0
85bfc215-c24f-4814-aa00-6794f1a7278a,1778606194658,1778606264255,2026-05-12,Tuesday,20,evening,Instagram,REELS,1.16,172,15,148.28,0,0,0,0,N/A,0,false,1.01,29,17,61,34,0
85bfc215-c24f-4814-aa00-6794f1a7278a,1778605963310,1778606134083,2026-05-12,Tuesday,20,evening,Instagram,REELS,2.85,265,9,93.11,0,0,0,0,N/A,0,false,269.93,29,17,61,34,0
85bfc215-c24f-4814-aa00-6794f1a7278a,1778589737401,1778589767547,2026-05-12,Tuesday,15,afternoon,Instagram,REELS,0.50,0,0,0.00,0,0,0,0,N/A,0,false,4.22,29,17,61,34,0
85bfc215-c24f-4814-aa00-6794f1a7278a,1778589416228,1778589484011,2026-05-12,Tuesday,15,afternoon,Instagram,REELS,1.13,0,0,0.00,0,0,0,0,N/A,0,false,1191.34,29,17,61,34,0
85bfc215-c24f-4814-aa00-6794f1a7278a,1778555923442,1778556065573,2026-05-12,Tuesday,6,morning,YouTube,SHORTS,2.37,273,0,115.25,0,0,0,0,N/A,0,false,525.12,29,17,61,34,0
85bfc215-c24f-4814-aa00-6794f1a7278a,1778523795290,1778524416514,2026-05-11,Monday,21,evening,YouTube,SHORTS,10.35,745,11,71.95,0,0,0,0,N/A,0,false,836.36,28,40,44,19,0
85bfc215-c24f-4814-aa00-6794f1a7278a,1778517646453,1778517935926,2026-05-11,Monday,19,evening,Instagram,REELS,4.82,97,8,20.11,0,0,0,0,N/A,0,false,0.12,28,40,44,19,0
85bfc215-c24f-4814-aa00-6794f1a7278a,1778517299781,1778517639049,2026-05-11,Monday,19,evening,Instagram,REELS,5.65,130,10,22.99,0,0,0,0,N/A,0,false,0.94,28,40,44,19,0
85bfc215-c24f-4814-aa00-6794f1a7278a,1778516688826,1778517243671,2026-05-11,Monday,19,evening,Instagram,REELS,9.25,255,10,27.58,0,0,0,0,N/A,0,false,0.01,28,40,44,19,0
85bfc215-c24f-4814-aa00-6794f1a7278a,1778514970814,1778516687932,2026-05-11,Monday,18,evening,Instagram,REELS,28.62,1224,34,42.77,0,0,0,0,N/A,0,false,448.11,28,40,44,19,0
85bfc215-c24f-4814-aa00-6794f1a7278a,1778487974044,1778488084258,2026-05-11,Monday,11,morning,Instagram,REELS,1.84,24,4,13.07,0,0,0,0,N/A,0,false,63.00,28,40,44,19,0
85bfc215-c24f-4814-aa00-6794f1a7278a,1778484156798,1778484194330,2026-05-11,Monday,10,morning,Instagram,REELS,0.63,76,4,121.50,0,0,0,0,N/A,0,false,746.01,28,40,44,19,0
85bfc215-c24f-4814-aa00-6794f1a7278a,1778473379044,1778473613511,2026-05-11,Monday,7,morning,YouTube,SHORTS,3.91,1,0,0.26,0,0,0,0,N/A,0,false,29.66,28,40,44,19,0
85bfc215-c24f-4814-aa00-6794f1a7278a,1778471555714,1778471599643,2026-05-11,Monday,6,morning,YouTube,SHORTS,0.73,49,1,66.93,0,0,0,0,N/A,0,false,742.95,28,40,44,19,0
85bfc215-c24f-4814-aa00-6794f1a7278a,1778439172395,1778439396229,2026-05-10,Sunday,21,evening,Instagram,REELS,3.73,223,1,59.78,0,0,0,0,N/A,0,false,0.05,39,50,60,27,11
85bfc215-c24f-4814-aa00-6794f1a7278a,1778438668728,1778439169296,2026-05-10,Sunday,21,evening,Instagram,REELS,8.34,624,16,74.80,0,0,0,0,N/A,0,false,0.00,39,50,60,27,11
85bfc215-c24f-4814-aa00-6794f1a7278a,1778438601393,1778438668721,2026-05-10,Sunday,21,evening,Instagram,REELS,1.12,15,4,13.37,0,0,0,0,N/A,0,false,0.00,39,50,60,27,11
85bfc215-c24f-4814-aa00-6794f1a7278a,1778437419039,1778438601382,2026-05-10,Sunday,21,evening,Instagram,REELS,19.71,1209,21,61.35,0,0,0,0,N/A,0,false,183.70,39,50,60,27,11
85bfc215-c24f-4814-aa00-6794f1a7278a,1778426763543,1778426978510,2026-05-10,Sunday,18,evening,YouTube,SHORTS,3.58,447,0,124.76,0,0,0,0,N/A,5,false,452.79,39,50,60,27,11
85bfc215-c24f-4814-aa00-6794f1a7278a,1778426331731,1778426397168,2026-05-10,Sunday,18,evening,Instagram,REELS,1.09,79,0,72.44,0,0,0,0,N/A,0,false,0.15,39,50,60,27,11
85bfc215-c24f-4814-aa00-6794f1a7278a,1778426202191,1778426322989,2026-05-10,Sunday,18,evening,Instagram,REELS,2.01,138,7,68.54,0,0,0,0,N/A,0,false,565.81,39,50,60,27,11
85bfc215-c24f-4814-aa00-6794f1a7278a,1778398822749,1778399596184,2026-05-10,Sunday,10,morning,YouTube,STANDARD,12.89,3,3,0.23,0,0,0,0,N/A,0,false,0.60,39,50,60,27,11
85bfc215-c24f-4814-aa00-6794f1a7278a,1778398040198,1778398786726,2026-05-10,Sunday,10,morning,YouTube,SHORTS,12.44,262,1,21.06,0,0,0,0,N/A,0,false,0.65,39,50,60,27,11
85bfc215-c24f-4814-aa00-6794f1a7278a,1778396708351,1778398001105,2026-05-10,Sunday,10,morning,YouTube,STANDARD,21.55,33,4,1.53,0,0,0,0,N/A,0,false,0.03,39,50,60,27,11
85bfc215-c24f-4814-aa00-6794f1a7278a,1778396615976,1778396706508,2026-05-10,Sunday,10,morning,YouTube,SHORTS,1.51,141,7,93.45,0,0,0,0,N/A,0,false,58.03,39,50,60,27,11
85bfc215-c24f-4814-aa00-6794f1a7278a,1778392748311,1778393133961,2026-05-10,Sunday,8,morning,YouTube,SHORTS,6.43,378,0,58.81,0,0,0,0,N/A,7,false,3034.78,39,50,60,27,11
85bfc215-c24f-4814-aa00-6794f1a7278a,1778391241015,1778392253312,2026-05-10,Sunday,8,morning,Instagram,REELS,16.87,391,10,23.18,0,0,0,0,N/A,0,false,474.60,39,50,60,27,11
85bfc215-c24f-4814-aa00-6794f1a7278a,1778362385241,1778362764904,2026-05-10,Sunday,0,night,Instagram,REELS,6.33,550,1,86.92,0,0,0,0,N/A,0,false,8.51,39,50,60,27,11
85bfc215-c24f-4814-aa00-6794f1a7278a,1778361803792,1778361874901,2026-05-10,Sunday,0,night,Instagram,REELS,1.19,72,14,60.75,0,0,0,0,N/A,0,false,1.45,39,50,60,27,11
85bfc215-c24f-4814-aa00-6794f1a7278a,1778361295911,1778361716865,2026-05-10,Sunday,0,night,Instagram,REELS,7.02,484,7,68.99,0,0,0,0,N/A,0,false,947.82,39,50,60,27,11
85bfc215-c24f-4814-aa00-6794f1a7278a,1778301668836,1778304426988,2026-05-09,Saturday,7,morning,Instagram,REELS,45.97,923,42,20.08,0,0,0,0,N/A,0,false,469.46,21,56,3,5,11
85bfc215-c24f-4814-aa00-6794f1a7278a,1778273158458,1778273501171,2026-05-08,Friday,23,night,Instagram,REELS,5.71,290,6,50.77,0,0,0,0,N/A,0,false,688.80,17,19,27,8,12
85bfc215-c24f-4814-aa00-6794f1a7278a,1778231556825,1778231830349,2026-05-08,Friday,12,afternoon,Instagram,REELS,4.56,499,1,109.46,0,0,0,0,N/A,0,false,74.28,17,19,27,8,12
85bfc215-c24f-4814-aa00-6794f1a7278a,1778227025898,1778227100233,2026-05-08,Friday,10,morning,Instagram,REELS,1.24,85,4,68.61,0,0,0,0,N/A,0,false,265.39,17,19,27,8,12
85bfc215-c24f-4814-aa00-6794f1a7278a,1778210670721,1778211102667,2026-05-08,Friday,6,morning,Instagram,REELS,7.20,155,2,21.53,0,0,0,0,N/A,0,false,472.76,17,19,27,8,12
85bfc215-c24f-4814-aa00-6794f1a7278a,1778210309006,1778210661777,2026-05-08,Friday,6,morning,YouTube,SHORTS,5.88,664,0,112.93,0,0,0,0,N/A,0,false,838.30,17,19,27,8,12
85bfc215-c24f-4814-aa00-6794f1a7278a,1778182218137,1778182305158,2026-05-07,Thursday,22,night,Instagram,REELS,1.45,70,3,48.26,0,0,0,0,N/A,0,false,0.06,46,65,55,35,19
85bfc215-c24f-4814-aa00-6794f1a7278a,1778180913102,1778182214611,2026-05-07,Thursday,22,night,Instagram,REELS,21.69,619,22,28.54,0,0,0,0,N/A,0,false,45.51,46,65,55,35,19
85bfc215-c24f-4814-aa00-6794f1a7278a,1778177131212,1778178182446,2026-05-07,Thursday,21,evening,Instagram,REELS,17.52,506,32,28.88,0,0,0,0,N/A,0,false,5.71,46,65,55,35,19
85bfc215-c24f-4814-aa00-6794f1a7278a,1778173289019,1778176788555,2026-05-07,Thursday,20,evening,Instagram,REELS,58.33,394,21,6.76,0,0,0,0,N/A,0,false,4.05,46,65,55,35,19
85bfc215-c24f-4814-aa00-6794f1a7278a,1778172330829,1778173046182,2026-05-07,Thursday,19,evening,Instagram,REELS,11.92,293,20,24.58,0,0,0,0,N/A,0,false,0.11,46,65,55,35,19
85bfc215-c24f-4814-aa00-6794f1a7278a,1778170953371,1778172324084,2026-05-07,Thursday,19,evening,Instagram,REELS,22.85,561,40,24.56,0,0,0,0,N/A,0,false,0.25,46,65,55,35,19
85bfc215-c24f-4814-aa00-6794f1a7278a,1778170248556,1778170938525,2026-05-07,Thursday,19,evening,Instagram,REELS,11.50,558,12,48.52,0,0,0,0,N/A,0,false,184.91,46,65,55,35,19
85bfc215-c24f-4814-aa00-6794f1a7278a,1778159856415,1778160010832,2026-05-07,Thursday,16,afternoon,YouTube,SHORTS,2.57,419,1,162.81,0,0,0,0,N/A,10,false,1788.94,46,65,55,35,19
85bfc215-c24f-4814-aa00-6794f1a7278a,1778158941780,1778159153909,2026-05-07,Thursday,16,afternoon,Instagram,REELS,3.54,201,1,56.85,0,0,0,0,N/A,0,false,16.38,46,65,55,35,19
85bfc215-c24f-4814-aa00-6794f1a7278a,1778157758508,1778157958893,2026-05-07,Thursday,15,afternoon,Instagram,REELS,3.34,366,3,109.59,0,0,0,0,N/A,0,false,141.06,46,65,55,35,19
85bfc215-c24f-4814-aa00-6794f1a7278a,1778149223933,1778149294779,2026-05-07,Thursday,13,afternoon,Instagram,REELS,1.18,4,5,3.39,0,0,0,0,N/A,0,false,0.46,46,65,55,35,19
85bfc215-c24f-4814-aa00-6794f1a7278a,1778149078601,1778149196349,2026-05-07,Thursday,13,afternoon,Instagram,REELS,1.96,124,6,63.19,0,0,0,0,N/A,0,false,48.97,46,65,55,35,19
85bfc215-c24f-4814-aa00-6794f1a7278a,1778146057522,1778146140533,2026-05-07,Thursday,12,afternoon,Instagram,REELS,1.38,146,5,105.53,0,0,0,0,N/A,0,false,21.43,46,65,55,35,19
85bfc215-c24f-4814-aa00-6794f1a7278a,1778144443591,1778144771948,2026-05-07,Thursday,12,afternoon,Instagram,REELS,5.47,372,11,67.97,0,0,0,0,N/A,0,false,0.40,46,65,55,35,19
85bfc215-c24f-4814-aa00-6794f1a7278a,1778144359138,1778144419749,2026-05-07,Thursday,11,morning,Instagram,REELS,1.01,13,1,12.87,0,0,0,0,N/A,0,false,878.84,46,65,55,35,19
85bfc215-c24f-4814-aa00-6794f1a7278a,1778091599000,1778091629000,2026-05-06,Wednesday,21,evening,Instagram,REELS,0.50,25,0,50.00,0,0,0,0,N/A,0,false,0.00,65,79,92,58,19
85bfc215-c24f-4814-aa00-6794f1a7278a,1778091508021,1778091780000,2026-05-06,Wednesday,21,evening,Instagram,UNKNOWN,4.53,0,0,0.00,0,0,0,0,N/A,0,false,0.00,65,79,92,58,19
85bfc215-c24f-4814-aa00-6794f1a7278a,1778083575000,1778091508000,2026-05-06,Wednesday,19,evening,Instagram,REELS,132.22,27,0,0.20,0,0,0,0,N/A,0,false,0.45,65,79,92,58,19
85bfc215-c24f-4814-aa00-6794f1a7278a,1778083511000,1778083548000,2026-05-06,Wednesday,19,evening,Instagram,REELS,0.62,88,0,142.70,0,0,0,0,N/A,0,false,1.22,65,79,92,58,19
85bfc215-c24f-4814-aa00-6794f1a7278a,1778083321000,1778083438000,2026-05-06,Wednesday,19,evening,Instagram,REELS,1.95,4,0,2.05,0,0,0,0,N/A,0,false,0.00,65,79,92,58,19
85bfc215-c24f-4814-aa00-6794f1a7278a,1778075027000,1778083321000,2026-05-06,Wednesday,16,afternoon,Instagram,REELS,138.23,5,0,0.04,0,0,0,0,N/A,0,false,8.72,65,79,92,58,19
85bfc215-c24f-4814-aa00-6794f1a7278a,1778074473000,1778074504000,2026-05-06,Wednesday,16,afternoon,Instagram,REELS,0.52,48,0,92.90,0,0,0,0,N/A,0,false,0.50,65,79,92,58,19
85bfc215-c24f-4814-aa00-6794f1a7278a,1778074364037,1778074443197,2026-05-06,Wednesday,16,afternoon,Instagram,UNKNOWN,1.32,0,0,0.00,0,0,0,0,N/A,0,false,350.92,65,79,92,58,19
85bfc215-c24f-4814-aa00-6794f1a7278a,1778053272000,1778053309000,2026-05-06,Wednesday,10,morning,Instagram,REELS,0.62,80,5,129.73,0,0,0,0,N/A,0,false,0.80,65,79,92,58,19
85bfc215-c24f-4814-aa00-6794f1a7278a,1778053189000,1778053224000,2026-05-06,Wednesday,10,morning,Instagram,REELS,0.58,89,0,152.57,0,0,0,0,N/A,0,false,0.00,65,79,92,58,19
85bfc215-c24f-4814-aa00-6794f1a7278a,1778052928000,1778053189000,2026-05-06,Wednesday,10,morning,Instagram,REELS,4.35,0,0,0.00,0,0,0,0,N/A,0,false,2.17,65,79,92,58,19
85bfc215-c24f-4814-aa00-6794f1a7278a,1778052766000,1778052798000,2026-05-06,Wednesday,10,morning,Instagram,REELS,0.53,1,0,1.87,0,0,0,0,N/A,0,false,2.82,65,79,92,58,19
85bfc215-c24f-4814-aa00-6794f1a7278a,1778052559000,1778052597000,2026-05-06,Wednesday,10,morning,Instagram,REELS,0.63,1,0,1.58,0,0,0,0,N/A,0,false,127.42,65,79,92,58,19
85bfc215-c24f-4814-aa00-6794f1a7278a,1778052346000,1778052520000,2026-05-06,Wednesday,10,morning,YouTube,SHORTS,2.90,0,0,0.00,0,0,0,0,N/A,5,false,0.00,65,79,92,58,19
85bfc215-c24f-4814-aa00-6794f1a7278a,1778051249000,1778052346000,2026-05-06,Wednesday,10,morning,YouTube,LONG_FORM,18.28,0,0,0.00,0,0,0,0,N/A,5,false,0.00,65,79,92,58,19
85bfc215-c24f-4814-aa00-6794f1a7278a,1778051173000,1778051249000,2026-05-06,Wednesday,10,morning,YouTube,SHORTS,1.27,0,0,0.00,0,0,0,0,N/A,5,false,0.00,65,79,92,58,19
85bfc215-c24f-4814-aa00-6794f1a7278a,1778051101000,1778051173000,2026-05-06,Wednesday,10,morning,YouTube,SHORTS,1.20,0,0,0.00,0,0,0,0,N/A,5,false,0.00,65,79,92,58,19
85bfc215-c24f-4814-aa00-6794f1a7278a,1778050909000,1778051101000,2026-05-06,Wednesday,10,morning,YouTube,SHORTS,3.20,0,0,0.00,0,0,0,0,N/A,5,false,59.98,65,79,92,58,19
85bfc215-c24f-4814-aa00-6794f1a7278a,1778047268000,1778047310000,2026-05-06,Wednesday,9,morning,YouTube,SHORTS,0.70,0,0,0.00,0,0,0,0,N/A,5,false,0.00,65,79,92,58,19
85bfc215-c24f-4814-aa00-6794f1a7278a,1778047125000,1778047268000,2026-05-06,Wednesday,8,morning,YouTube,SHORTS,2.38,0,0,0.00,0,0,0,0,N/A,5,false,0.00,65,79,92,58,19
85bfc215-c24f-4814-aa00-6794f1a7278a,1778046882000,1778047125000,2026-05-06,Wednesday,8,morning,YouTube,SHORTS,4.05,0,0,0.00,0,0,0,0,N/A,5,false,0.48,65,79,92,58,19
85bfc215-c24f-4814-aa00-6794f1a7278a,1778046015000,1778046853000,2026-05-06,Wednesday,8,morning,YouTube,STANDARD,13.97,0,0,0.00,0,0,0,0,N/A,5,false,0.00,65,79,92,58,19
85bfc215-c24f-4814-aa00-6794f1a7278a,1778045269000,1778046015000,2026-05-06,Wednesday,8,morning,YouTube,STANDARD,12.43,0,0,0.00,0,0,0,0,N/A,5,false,4.40,65,79,92,58,19
85bfc215-c24f-4814-aa00-6794f1a7278a,1778044948000,1778045005000,2026-05-06,Wednesday,8,morning,YouTube,SHORTS,0.95,0,0,0.00,0,0,0,0,N/A,5,false,2596.73,65,79,92,58,19
85bfc215-c24f-4814-aa00-6794f1a7278a,1778044876000,1778044914000,2026-05-06,Wednesday,8,morning,Instagram,REELS,0.63,29,0,45.79,0,0,0,0,N/A,0,false,1.25,65,79,92,58,19
85bfc215-c24f-4814-aa00-6794f1a7278a,1778044763000,1778044801000,2026-05-06,Wednesday,8,morning,Instagram,REELS,0.63,7,1,11.05,0,0,0,0,N/A,0,false,0.47,65,79,92,58,19
85bfc215-c24f-4814-aa00-6794f1a7278a,1778044690000,1778044735000,2026-05-06,Wednesday,8,morning,Instagram,REELS,0.75,16,0,21.33,0,0,0,0,N/A,0,false,2.98,65,79,92,58,19
85bfc215-c24f-4814-aa00-6794f1a7278a,1778044479000,1778044511000,2026-05-06,Wednesday,8,morning,Instagram,REELS,0.53,6,0,11.25,0,0,0,0,N/A,0,false,0.85,65,79,92,58,19
85bfc215-c24f-4814-aa00-6794f1a7278a,1778044385000,1778044428000,2026-05-06,Wednesday,8,morning,Instagram,REELS,0.72,5,0,6.98,0,0,0,0,N/A,0,false,1.48,65,79,92,58,19
85bfc215-c24f-4814-aa00-6794f1a7278a,1778044249000,1778044296000,2026-05-06,Wednesday,8,morning,Instagram,REELS,0.78,33,1,42.13,0,0,0,0,N/A,0,false,0.08,65,79,92,58,19
85bfc215-c24f-4814-aa00-6794f1a7278a,1778044063000,1778044244000,2026-05-06,Wednesday,8,morning,Instagram,REELS,3.02,1,0,0.33,0,0,0,0,N/A,0,false,1.22,65,79,92,58,19
85bfc215-c24f-4814-aa00-6794f1a7278a,1778043955000,1778043990000,2026-05-06,Wednesday,8,morning,Instagram,REELS,0.58,2,0,3.43,0,0,0,0,N/A,0,false,1.52,65,79,92,58,19
85bfc215-c24f-4814-aa00-6794f1a7278a,1778043825000,1778043864000,2026-05-06,Wednesday,8,morning,Instagram,REELS,0.65,4,1,6.15,0,0,0,0,N/A,0,false,2.87,65,79,92,58,19
85bfc215-c24f-4814-aa00-6794f1a7278a,1778043619000,1778043653000,2026-05-06,Wednesday,8,morning,Instagram,REELS,0.57,4,0,7.06,0,0,0,0,N/A,0,false,1.15,65,79,92,58,19
85bfc215-c24f-4814-aa00-6794f1a7278a,1778043216000,1778043550000,2026-05-06,Wednesday,7,morning,Instagram,REELS,5.57,8,0,1.44,0,0,0,0,N/A,0,false,519.98,65,79,92,58,19
85bfc215-c24f-4814-aa00-6794f1a7278a,1778009847000,1778012017000,2026-05-05,Tuesday,22,night,Instagram,REELS,36.17,7,0,0.19,0,0,0,0,N/A,0,false,0.00,74,95,79,49,65
85bfc215-c24f-4814-aa00-6794f1a7278a,1778009684514,1778009855102,2026-05-05,Tuesday,22,night,Instagram,UNKNOWN,2.84,0,0,0.00,0,0,0,0,N/A,0,false,0.53,74,95,79,49,65
85bfc215-c24f-4814-aa00-6794f1a7278a,1778008929000,1778009653000,2026-05-05,Tuesday,22,night,Instagram,LONG_FORM,12.07,1,0,0.08,0,0,0,0,N/A,0,false,0.00,74,95,79,49,65
85bfc215-c24f-4814-aa00-6794f1a7278a,1778008828000,1778008929000,2026-05-05,Tuesday,22,night,Instagram,REELS,1.68,0,0,0.00,0,0,0,0,N/A,0,false,4.73,74,95,79,49,65
85bfc215-c24f-4814-aa00-6794f1a7278a,1778008512000,1778008544000,2026-05-05,Tuesday,22,night,Instagram,REELS,0.53,67,0,125.62,0,0,0,0,N/A,0,false,0.52,74,95,79,49,65
85bfc215-c24f-4814-aa00-6794f1a7278a,1778008433000,1778008481000,2026-05-05,Tuesday,22,night,Instagram,REELS,0.80,60,1,75.00,0,0,0,0,N/A,0,false,0.48,74,95,79,49,65
85bfc215-c24f-4814-aa00-6794f1a7278a,1778008342000,1778008404000,2026-05-05,Tuesday,22,night,Instagram,REELS,1.03,12,0,11.61,0,0,0,0,N/A,0,false,0.00,74,95,79,49,65
85bfc215-c24f-4814-aa00-6794f1a7278a,1778008246942,1778008931441,2026-05-05,Tuesday,22,night,Instagram,UNKNOWN,11.41,0,0,0.00,0,0,0,0,N/A,0,false,283.68,74,95,79,49,65
85bfc215-c24f-4814-aa00-6794f1a7278a,1777991226000,1778008222000,2026-05-05,Tuesday,17,evening,Snapchat,STANDARD,283.27,0,0,0.00,0,0,0,0,N/A,20,false,NA,74,95,79,49,65
85bfc215-c24f-4814-aa00-6794f1a7278a,1777983064000,1777991226000,2026-05-05,Tuesday,15,afternoon,Instagram,LONG_FORM,136.03,4,0,0.03,0,0,0,0,N/A,0,false,0.00,74,95,79,49,65
85bfc215-c24f-4814-aa00-6794f1a7278a,1777982640000,1777983064000,2026-05-05,Tuesday,15,afternoon,Instagram,REELS,7.07,7,0,0.99,0,0,0,0,N/A,0,false,2.43,74,95,79,49,65
85bfc215-c24f-4814-aa00-6794f1a7278a,1777982440000,1777982494000,2026-05-05,Tuesday,15,afternoon,Instagram,REELS,0.90,19,0,21.11,0,0,0,0,N/A,0,false,996.80,74,95,79,49,65
85bfc215-c24f-4814-aa00-6794f1a7278a,1777922599000,1777922632000,2026-05-04,Monday,22,night,Instagram,REELS,0.55,2,0,3.64,0,0,0,0,N/A,0,false,0.80,62,90,82,36,26
85bfc215-c24f-4814-aa00-6794f1a7278a,1777922504000,1777922551000,2026-05-04,Monday,22,night,Instagram,REELS,0.78,15,0,19.15,0,0,0,0,N/A,0,false,9.63,62,90,82,36,26
85bfc215-c24f-4814-aa00-6794f1a7278a,1777921889000,1777921926000,2026-05-04,Monday,22,night,Instagram,REELS,0.62,22,0,35.68,0,0,0,0,N/A,0,false,2.72,62,90,82,36,26
85bfc215-c24f-4814-aa00-6794f1a7278a,1777921695000,1777921726000,2026-05-04,Monday,22,night,Instagram,REELS,0.52,80,0,154.84,0,0,0,0,N/A,0,false,358.53,62,90,82,36,26
85bfc215-c24f-4814-aa00-6794f1a7278a,1777900135000,1777900183000,2026-05-04,Monday,16,afternoon,Instagram,REELS,0.80,109,1,136.25,0,0,0,0,N/A,0,false,0.70,62,90,82,36,26
85bfc215-c24f-4814-aa00-6794f1a7278a,1777900059000,1777900093000,2026-05-04,Monday,16,afternoon,Instagram,REELS,0.57,9,0,15.88,0,0,0,0,N/A,0,false,196.47,62,90,82,36,26
85bfc215-c24f-4814-aa00-6794f1a7278a,1777889087000,1777889144000,2026-05-04,Monday,13,afternoon,YouTube,SHORTS,0.95,0,0,0.00,0,0,0,0,N/A,1,false,0.00,62,90,82,36,26
85bfc215-c24f-4814-aa00-6794f1a7278a,1777888857000,1777889087000,2026-05-04,Monday,13,afternoon,YouTube,SHORTS,3.83,0,0,0.00,0,0,0,0,N/A,1,false,0.00,62,90,82,36,26
85bfc215-c24f-4814-aa00-6794f1a7278a,1777888692000,1777888857000,2026-05-04,Monday,12,afternoon,YouTube,SHORTS,2.75,0,0,0.00,0,0,0,0,N/A,1,false,0.30,62,90,82,36,26
85bfc215-c24f-4814-aa00-6794f1a7278a,1777888576000,1777888674000,2026-05-04,Monday,12,afternoon,YouTube,SHORTS,1.63,0,0,0.00,0,0,0,0,N/A,1,false,0.00,62,90,82,36,26
85bfc215-c24f-4814-aa00-6794f1a7278a,1777888481000,1777888576000,2026-05-04,Monday,12,afternoon,YouTube,SHORTS,1.58,0,0,0.00,0,0,0,0,N/A,1,false,2.53,62,90,82,36,26
85bfc215-c24f-4814-aa00-6794f1a7278a,1777888279000,1777888329000,2026-05-04,Monday,12,afternoon,YouTube,SHORTS,0.83,0,0,0.00,0,0,0,0,N/A,1,false,385.48,62,90,82,36,26
85bfc215-c24f-4814-aa00-6794f1a7278a,1777865454000,1777888271000,2026-05-04,Monday,6,morning,Instagram,LONG_FORM,380.28,2,1,0.01,0,0,0,0,N/A,0,false,0.00,62,90,82,36,26
85bfc215-c24f-4814-aa00-6794f1a7278a,1777865312196,1777865460460,2026-05-04,Monday,6,morning,Instagram,UNKNOWN,2.47,0,0,0.00,0,0,0,0,N/A,0,false,1.60,62,90,82,36,26
85bfc215-c24f-4814-aa00-6794f1a7278a,1777865172000,1777865216000,2026-05-04,Monday,6,morning,Instagram,REELS,0.73,2,1,2.73,0,0,0,0,N/A,0,false,457.37,62,90,82,36,26
85bfc215-c24f-4814-aa00-6794f1a7278a,1777864635000,1777865150000,2026-05-04,Monday,6,morning,YouTube,STANDARD,8.58,0,0,0.00,0,0,0,0,N/A,1,false,476.22,62,90,82,36,26
85bfc215-c24f-4814-aa00-6794f1a7278a,1777837679000,1777837730000,2026-05-03,Sunday,22,night,Instagram,REELS,0.85,3,0,3.53,0,0,0,0,N/A,0,false,11.00,69,82,91,44,56
85bfc215-c24f-4814-aa00-6794f1a7278a,1777836911000,1777837019000,2026-05-03,Sunday,22,night,Instagram,REELS,1.80,2,0,1.11,0,0,0,0,N/A,0,false,0.98,69,82,91,44,56
85bfc215-c24f-4814-aa00-6794f1a7278a,1777836810000,1777836852000,2026-05-03,Sunday,22,night,Instagram,REELS,0.70,3,0,4.29,0,0,0,0,N/A,0,false,6.53,69,82,91,44,56
85bfc215-c24f-4814-aa00-6794f1a7278a,1777836383000,1777836418000,2026-05-03,Sunday,22,night,Instagram,REELS,0.58,5,2,8.57,0,0,0,0,N/A,0,false,0.88,69,82,91,44,56
85bfc215-c24f-4814-aa00-6794f1a7278a,1777836293000,1777836330000,2026-05-03,Sunday,22,night,Instagram,REELS,0.62,11,1,17.84,0,0,0,0,N/A,0,false,0.37,69,82,91,44,56
85bfc215-c24f-4814-aa00-6794f1a7278a,1777836222000,1777836271000,2026-05-03,Sunday,22,night,Instagram,REELS,0.82,2,0,2.45,0,0,0,0,N/A,0,false,0.00,69,82,91,44,56
85bfc215-c24f-4814-aa00-6794f1a7278a,1777836062457,1777838251607,2026-05-03,Sunday,22,night,Instagram,UNKNOWN,36.49,0,0,0.00,0,0,0,0,N/A,0,false,8.87,69,82,91,44,56
85bfc215-c24f-4814-aa00-6794f1a7278a,1777835857000,1777836062000,2026-05-03,Sunday,22,night,YouTube,SHORTS,3.42,0,0,0.00,0,0,0,0,N/A,1,false,0.00,69,82,91,44,56
85bfc215-c24f-4814-aa00-6794f1a7278a,1777835584000,1777835857000,2026-05-03,Sunday,22,night,YouTube,SHORTS,4.55,0,0,0.00,0,0,0,0,N/A,1,false,835.98,69,82,91,44,56
85bfc215-c24f-4814-aa00-6794f1a7278a,1777835498000,1777835530000,2026-05-03,Sunday,22,night,Instagram,REELS,0.53,121,0,226.87,0,0,0,0,N/A,0,false,0.00,69,82,91,44,56
85bfc215-c24f-4814-aa00-6794f1a7278a,1777835435588,1777835574043,2026-05-03,Sunday,22,night,Instagram,UNKNOWN,2.31,0,0,0.00,0,0,0,0,N/A,0,false,0.01,69,82,91,44,56
85bfc215-c24f-4814-aa00-6794f1a7278a,1777835245000,1777835435000,2026-05-03,Sunday,22,night,Instagram,REELS,3.17,34,0,10.74,0,0,0,0,N/A,0,false,0.45,69,82,91,44,56
85bfc215-c24f-4814-aa00-6794f1a7278a,1777835177000,1777835218000,2026-05-03,Sunday,22,night,Instagram,REELS,0.68,36,0,52.68,0,0,0,0,N/A,0,false,0.48,69,82,91,44,56
85bfc215-c24f-4814-aa00-6794f1a7278a,1777828816000,1777835148000,2026-05-03,Sunday,20,evening,Instagram,LONG_FORM,105.53,4,1,0.04,0,0,0,0,N/A,0,false,1.85,69,82,91,44,56
85bfc215-c24f-4814-aa00-6794f1a7278a,1777828666000,1777828705000,2026-05-03,Sunday,20,evening,Instagram,REELS,0.65,5,0,7.69,0,0,0,0,N/A,0,false,78.27,69,82,91,44,56
85bfc215-c24f-4814-aa00-6794f1a7278a,1777818087000,1777823970000,2026-05-03,Sunday,17,evening,Instagram,LONG_FORM,98.05,2,0,0.02,0,0,0,0,N/A,0,false,2.75,69,82,91,44,56
85bfc215-c24f-4814-aa00-6794f1a7278a,1777817886000,1777817922000,2026-05-03,Sunday,17,evening,Instagram,REELS,0.60,2,0,3.33,0,0,0,0,N/A,0,false,1.35,69,82,91,44,56
85bfc215-c24f-4814-aa00-6794f1a7278a,1777817754000,1777817805000,2026-05-03,Sunday,17,evening,Instagram,REELS,0.85,3,2,3.53,0,0,0,0,N/A,0,false,5.78,69,82,91,44,56
85bfc215-c24f-4814-aa00-6794f1a7278a,1777817375000,1777817407000,2026-05-03,Sunday,17,evening,Instagram,REELS,0.53,49,0,91.87,0,0,0,0,N/A,0,false,0.47,69,82,91,44,56
85bfc215-c24f-4814-aa00-6794f1a7278a,1777817314000,1777817347000,2026-05-03,Sunday,17,evening,Instagram,REELS,0.55,17,0,30.91,0,0,0,0,N/A,0,false,1.03,69,82,91,44,56
85bfc215-c24f-4814-aa00-6794f1a7278a,1777817216000,1777817252000,2026-05-03,Sunday,17,evening,Instagram,REELS,0.60,6,0,10.00,0,0,0,0,N/A,0,false,507.22,69,82,91,44,56
85bfc215-c24f-4814-aa00-6794f1a7278a,1777786743000,1777786783000,2026-05-03,Sunday,8,morning,Instagram,REELS,0.67,4,0,6.00,0,0,0,0,N/A,0,false,1.67,69,82,91,44,56
85bfc215-c24f-4814-aa00-6794f1a7278a,1777786584000,1777786643000,2026-05-03,Sunday,8,morning,Instagram,REELS,0.98,8,0,8.14,0,0,0,0,N/A,0,false,1.12,69,82,91,44,56
85bfc215-c24f-4814-aa00-6794f1a7278a,1777786483000,1777786517000,2026-05-03,Sunday,8,morning,Instagram,REELS,0.57,8,0,14.12,0,0,0,0,N/A,0,false,2.57,69,82,91,44,56
85bfc215-c24f-4814-aa00-6794f1a7278a,1777786282000,1777786329000,2026-05-03,Sunday,8,morning,Instagram,REELS,0.78,0,1,0.00,0,0,0,0,N/A,0,false,0.98,69,82,91,44,56
85bfc215-c24f-4814-aa00-6794f1a7278a,1777786176000,1777786223000,2026-05-03,Sunday,8,morning,Instagram,REELS,0.78,4,0,5.11,0,0,0,0,N/A,0,false,1.47,69,82,91,44,56
85bfc215-c24f-4814-aa00-6794f1a7278a,1777786036000,1777786088000,2026-05-03,Sunday,8,morning,Instagram,REELS,0.87,54,2,62.31,0,0,0,0,N/A,0,false,1.22,69,82,91,44,56
85bfc215-c24f-4814-aa00-6794f1a7278a,1777785926000,1777785963000,2026-05-03,Sunday,8,morning,Instagram,REELS,0.62,6,0,9.73,0,0,0,0,N/A,0,false,2.68,69,82,91,44,56
85bfc215-c24f-4814-aa00-6794f1a7278a,1777785735000,1777785765000,2026-05-03,Sunday,8,morning,Instagram,REELS,0.50,3,1,6.00,0,0,0,0,N/A,0,false,3.58,69,82,91,44,56
85bfc215-c24f-4814-aa00-6794f1a7278a,1777785475000,1777785520000,2026-05-03,Sunday,8,morning,Instagram,REELS,0.75,14,0,18.67,0,0,0,0,N/A,0,false,748.39,69,82,91,44,56
85bfc215-c24f-4814-aa00-6794f1a7278a,1777777209000,1777785425000,2026-05-03,Sunday,6,morning,YouTube,LONG_FORM,136.93,0,0,0.00,0,0,0,0,N/A,0,false,328.47,69,82,91,44,56
85bfc215-c24f-4814-aa00-6794f1a7278a,1777756889649,1777757500883,2026-05-03,Sunday,0,night,YouTube,UNKNOWN,10.19,0,0,0.00,0,0,0,0,N/A,0,false,0.01,69,82,91,44,56
85bfc215-c24f-4814-aa00-6794f1a7278a,1777749566000,1777756889000,2026-05-02,Saturday,22,night,YouTube,LONG_FORM,122.05,0,0,0.00,0,0,0,0,N/A,0,false,0.17,61,75,86,57,14
85bfc215-c24f-4814-aa00-6794f1a7278a,1777748752000,1777749556000,2026-05-02,Saturday,22,night,YouTube,STANDARD,13.40,0,0,0.00,0,0,0,0,N/A,0,false,157.54,61,75,86,57,14
85bfc215-c24f-4814-aa00-6794f1a7278a,1777740584597,1777740665544,2026-05-02,Saturday,19,evening,Facebook,UNKNOWN,1.35,0,0,0.00,0,0,0,0,N/A,0,false,NA,61,75,86,57,14
85bfc215-c24f-4814-aa00-6794f1a7278a,1777740531932,1777740571552,2026-05-02,Saturday,19,evening,Instagram,REELS,0.66,0,0,0.00,0,0,0,0,N/A,0,false,6.74,61,75,86,57,14
85bfc215-c24f-4814-aa00-6794f1a7278a,1777739770350,1777740127510,2026-05-02,Saturday,19,evening,Instagram,REELS,5.95,0,0,0.00,0,0,0,0,N/A,0,false,15.11,61,75,86,57,14
85bfc215-c24f-4814-aa00-6794f1a7278a,1777739133410,1777739299867,2026-05-02,Saturday,19,evening,YouTube,SHORTS,2.77,0,0,0.00,0,0,0,0,N/A,0,false,0.22,61,75,86,57,14
85bfc215-c24f-4814-aa00-6794f1a7278a,1777738875216,1777739120143,2026-05-02,Saturday,19,evening,YouTube,SHORTS,4.08,0,0,0.00,0,0,0,0,N/A,0,false,7.42,61,75,86,57,14
85bfc215-c24f-4814-aa00-6794f1a7278a,1777738650004,1777738863514,2026-05-02,Saturday,19,evening,Instagram,REELS,3.56,0,0,0.00,0,0,0,0,N/A,0,false,6.58,61,75,86,57,14
85bfc215-c24f-4814-aa00-6794f1a7278a,1777738270443,1777738430043,2026-05-02,Saturday,19,evening,YouTube,SHORTS,2.66,0,0,0.00,0,0,0,0,N/A,0,false,1.20,61,75,86,57,14
85bfc215-c24f-4814-aa00-6794f1a7278a,1777738199605,1777738255047,2026-05-02,Saturday,19,evening,Instagram,REELS,0.92,0,0,0.00,0,0,0,0,N/A,0,false,1.90,61,75,86,57,14
85bfc215-c24f-4814-aa00-6794f1a7278a,1777738102439,1777738198475,2026-05-02,Saturday,19,evening,YouTube,SHORTS,1.60,0,0,0.00,0,0,0,0,N/A,0,false,12.93,61,75,86,57,14
85bfc215-c24f-4814-aa00-6794f1a7278a,1777737951501,1777738085789,2026-05-02,Saturday,19,evening,Instagram,REELS,2.24,0,0,0.00,0,0,0,0,N/A,0,false,0.79,61,75,86,57,14
85bfc215-c24f-4814-aa00-6794f1a7278a,1777737858428,1777737904142,2026-05-02,Saturday,19,evening,Instagram,REELS,0.76,0,0,0.00,0,0,0,0,N/A,0,false,32.92,61,75,86,57,14
85bfc215-c24f-4814-aa00-6794f1a7278a,1777736229524,1777737326719,2026-05-02,Saturday,18,evening,YouTube,LONG_FORM,18.29,0,0,0.00,0,0,0,0,N/A,0,false,2.65,61,75,86,57,14
85bfc215-c24f-4814-aa00-6794f1a7278a,1777735904498,1777736070301,2026-05-02,Saturday,18,evening,YouTube,SHORTS,2.76,0,0,0.00,0,0,0,0,N/A,0,false,11.30,61,75,86,57,14
85bfc215-c24f-4814-aa00-6794f1a7278a,1777735600539,1777735882958,2026-05-02,Saturday,18,evening,Instagram,REELS,4.71,0,0,0.00,0,0,0,0,N/A,0,false,9.19,61,75,86,57,14
85bfc215-c24f-4814-aa00-6794f1a7278a,1777735064163,1777735226513,2026-05-02,Saturday,18,evening,YouTube,SHORTS,2.71,0,0,0.00,0,0,0,0,N/A,0,false,30.94,61,75,86,57,14
85bfc215-c24f-4814-aa00-6794f1a7278a,1777734551365,1777735049159,2026-05-02,Saturday,18,evening,Instagram,REELS,8.30,0,0,0.00,0,0,0,0,N/A,0,false,5.26,61,75,86,57,14
85bfc215-c24f-4814-aa00-6794f1a7278a,1777733875394,1777734235973,2026-05-02,Saturday,17,evening,Instagram,REELS,6.01,0,0,0.00,0,0,0,0,N/A,0,false,50.39,61,75,86,57,14
85bfc215-c24f-4814-aa00-6794f1a7278a,1777733171446,1777733207885,2026-05-02,Saturday,17,evening,YouTube,SHORTS,0.61,0,0,0.00,0,0,0,0,N/A,0,false,1.19,61,75,86,57,14
85bfc215-c24f-4814-aa00-6794f1a7278a,1777732452632,1777733100292,2026-05-02,Saturday,17,evening,YouTube,STANDARD,10.79,0,0,0.00,0,0,0,0,N/A,0,false,1.95,61,75,86,57,14
85bfc215-c24f-4814-aa00-6794f1a7278a,1777731904780,1777732335863,2026-05-02,Saturday,17,evening,YouTube,STANDARD,7.18,0,0,0.00,0,0,0,0,N/A,0,false,0.46,61,75,86,57,14
85bfc215-c24f-4814-aa00-6794f1a7278a,1777731226206,1777731877296,2026-05-02,Saturday,17,evening,YouTube,STANDARD,10.85,0,0,0.00,0,0,0,0,N/A,0,false,3.90,61,75,86,57,14
85bfc215-c24f-4814-aa00-6794f1a7278a,1777730856027,1777730992016,2026-05-02,Saturday,17,evening,YouTube,SHORTS,2.27,0,0,0.00,0,0,0,0,N/A,0,false,164.87,61,75,86,57,14
85bfc215-c24f-4814-aa00-6794f1a7278a,1777730577988,1777730852133,2026-05-02,Saturday,17,evening,Instagram,REELS,4.57,0,0,0.00,0,0,0,0,N/A,0,false,93.51,61,75,86,57,14
85bfc215-c24f-4814-aa00-6794f1a7278a,1777724741399,1777724967303,2026-05-02,Saturday,15,afternoon,Instagram,REELS,3.77,0,0,0.00,0,0,0,0,N/A,0,false,3.02,61,75,86,57,14
85bfc215-c24f-4814-aa00-6794f1a7278a,1777723832729,1777724560467,2026-05-02,Saturday,15,afternoon,Instagram,LONG_FORM,12.13,0,0,0.00,0,0,0,0,N/A,0,false,326.22,61,75,86,57,14
85bfc215-c24f-4814-aa00-6794f1a7278a,1777720878109,1777720964084,2026-05-02,Saturday,14,afternoon,YouTube,SHORTS,1.43,0,0,0.00,0,0,0,0,N/A,0,false,6.48,61,75,86,57,14
85bfc215-c24f-4814-aa00-6794f1a7278a,1777720391063,1777720489095,2026-05-02,Saturday,14,afternoon,YouTube,SHORTS,1.63,0,0,0.00,0,0,0,0,N/A,0,false,4.80,61,75,86,57,14
85bfc215-c24f-4814-aa00-6794f1a7278a,1777719930088,1777720103039,2026-05-02,Saturday,14,afternoon,YouTube,SHORTS,2.88,0,0,0.00,0,0,0,0,N/A,0,false,3.12,61,75,86,57,14
85bfc215-c24f-4814-aa00-6794f1a7278a,1777719570029,1777719742601,2026-05-02,Saturday,13,afternoon,YouTube,SHORTS,2.88,0,0,0.00,0,0,0,0,N/A,0,false,1.77,61,75,86,57,14
85bfc215-c24f-4814-aa00-6794f1a7278a,1777719421699,1777719463559,2026-05-02,Saturday,13,afternoon,YouTube,SHORTS,0.70,0,0,0.00,0,0,0,0,N/A,0,false,6.17,61,75,86,57,14
85bfc215-c24f-4814-aa00-6794f1a7278a,1777719006686,1777719051664,2026-05-02,Saturday,13,afternoon,YouTube,SHORTS,0.75,0,0,0.00,0,0,0,0,N/A,0,false,0.60,61,75,86,57,14
85bfc215-c24f-4814-aa00-6794f1a7278a,1777718550879,1777718970807,2026-05-02,Saturday,13,afternoon,YouTube,STANDARD,7.00,0,0,0.00,0,0,0,0,N/A,0,false,0.04,61,75,86,57,14
85bfc215-c24f-4814-aa00-6794f1a7278a,1777718343784,1777718548249,2026-05-02,Saturday,13,afternoon,YouTube,SHORTS,3.41,0,0,0.00,0,0,0,0,N/A,0,false,58.82,61,75,86,57,14
85bfc215-c24f-4814-aa00-6794f1a7278a,1777714724274,1777714814569,2026-05-02,Saturday,12,afternoon,YouTube,SHORTS,1.50,0,0,0.00,0,0,0,0,N/A,0,false,1.46,61,75,86,57,14
85bfc215-c24f-4814-aa00-6794f1a7278a,1777714504428,1777714636629,2026-05-02,Saturday,12,afternoon,YouTube,SHORTS,2.20,0,0,0.00,0,0,0,0,N/A,0,false,26.99,61,75,86,57,14
85bfc215-c24f-4814-aa00-6794f1a7278a,1777712821179,1777712884868,2026-05-02,Saturday,12,afternoon,YouTube,SHORTS,1.06,0,0,0.00,0,0,0,0,N/A,0,false,48.20,61,75,86,57,14
85bfc215-c24f-4814-aa00-6794f1a7278a,1777709697485,1777709929142,2026-05-02,Saturday,11,morning,YouTube,SHORTS,3.86,0,0,0.00,0,0,0,0,N/A,0,false,62.74,61,75,86,57,14
85bfc215-c24f-4814-aa00-6794f1a7278a,1777705892959,1777705933104,2026-05-02,Saturday,10,morning,YouTube,SHORTS,0.67,0,0,0.00,0,0,0,0,N/A,0,false,8.33,61,75,86,57,14
85bfc215-c24f-4814-aa00-6794f1a7278a,1777704805376,1777705393237,2026-05-02,Saturday,9,morning,YouTube,STANDARD,9.80,0,0,0.00,0,0,0,0,N/A,0,false,1.27,61,75,86,57,14
85bfc215-c24f-4814-aa00-6794f1a7278a,1777704657340,1777704729151,2026-05-02,Saturday,9,morning,YouTube,SHORTS,1.20,0,0,0.00,0,0,0,0,N/A,0,false,74.25,61,75,86,57,14
85bfc215-c24f-4814-aa00-6794f1a7278a,1777702672646,1777704259544,2026-05-02,Saturday,9,morning,Instagram,LONG_FORM,26.45,0,0,0.00,0,0,0,0,N/A,0,false,648.76,61,75,86,57,14
85bfc215-c24f-4814-aa00-6794f1a7278a,1777700161563,1777700202550,2026-05-02,Saturday,8,morning,YouTube,SHORTS,0.68,0,0,0.00,0,0,0,0,N/A,0,false,21.15,61,75,86,57,14
85bfc215-c24f-4814-aa00-6794f1a7278a,1777698854135,1777698892334,2026-05-02,Saturday,8,morning,YouTube,SHORTS,0.64,0,0,0.00,0,0,0,0,N/A,0,false,0.26,61,75,86,57,14
85bfc215-c24f-4814-aa00-6794f1a7278a,1777698699387,1777698838828,2026-05-02,Saturday,8,morning,YouTube,SHORTS,2.32,0,0,0.00,0,0,0,0,N/A,0,false,1.57,61,75,86,57,14
85bfc215-c24f-4814-aa00-6794f1a7278a,1777698125263,1777698604991,2026-05-02,Saturday,8,morning,YouTube,STANDARD,8.00,0,0,0.00,0,0,0,0,N/A,0,false,0.07,61,75,86,57,14
85bfc215-c24f-4814-aa00-6794f1a7278a,1777697991902,1777698121348,2026-05-02,Saturday,7,morning,YouTube,SHORTS,2.16,0,0,0.00,0,0,0,0,N/A,0,false,4.30,61,75,86,57,14
85bfc215-c24f-4814-aa00-6794f1a7278a,1777697614601,1777697733823,2026-05-02,Saturday,7,morning,YouTube,SHORTS,1.99,0,0,0.00,0,0,0,0,N/A,0,false,1.51,61,75,86,57,14
85bfc215-c24f-4814-aa00-6794f1a7278a,1777697413726,1777697523853,2026-05-02,Saturday,7,morning,YouTube,SHORTS,1.84,0,0,0.00,0,0,0,0,N/A,0,false,4.94,61,75,86,57,14
85bfc215-c24f-4814-aa00-6794f1a7278a,1777696609585,1777697117392,2026-05-02,Saturday,7,morning,YouTube,STANDARD,8.46,0,0,0.00,0,0,0,0,N/A,1,false,421.70,61,75,86,57,14
85bfc215-c24f-4814-aa00-6794f1a7278a,1777667759720,1777671307692,2026-05-01,Friday,23,night,YouTube,LONG_FORM,59.13,0,0,0.00,0,0,0,0,N/A,0,false,6.53,57,71,73,41,34
85bfc215-c24f-4814-aa00-6794f1a7278a,1777666738683,1777667367968,2026-05-01,Friday,23,night,YouTube,STANDARD,10.49,0,0,0.00,0,0,0,0,N/A,0,false,0.03,57,71,73,41,34
85bfc215-c24f-4814-aa00-6794f1a7278a,1777666592840,1777666736999,2026-05-01,Friday,23,night,YouTube,SHORTS,2.40,0,0,0.00,0,0,0,0,N/A,0,false,6.47,57,71,73,41,34
85bfc215-c24f-4814-aa00-6794f1a7278a,1777665929260,1777666204348,2026-05-01,Friday,23,night,YouTube,SHORTS,4.58,0,0,0.00,0,0,0,0,N/A,1,false,64.91,57,71,73,41,34
85bfc215-c24f-4814-aa00-6794f1a7278a,1777662933246,1777663747262,2026-05-01,Friday,22,night,Instagram,LONG_FORM,13.57,0,0,0.00,0,0,0,0,N/A,0,false,1.18,57,71,73,41,34
85bfc215-c24f-4814-aa00-6794f1a7278a,1777662468267,1777662862360,2026-05-01,Friday,22,night,Instagram,REELS,6.57,0,0,0.00,0,0,0,0,N/A,0,false,0.01,57,71,73,41,34
85bfc215-c24f-4814-aa00-6794f1a7278a,1777662224693,1777662467785,2026-05-01,Friday,22,night,Instagram,REELS,4.05,0,0,0.00,0,0,0,0,N/A,0,false,202.70,57,71,73,41,34
85bfc215-c24f-4814-aa00-6794f1a7278a,1777661163236,1777662034817,2026-05-01,Friday,21,evening,YouTube,STANDARD,14.53,0,0,0.00,0,0,0,0,N/A,0,false,7.74,57,71,73,41,34
85bfc215-c24f-4814-aa00-6794f1a7278a,1777659948220,1777660698641,2026-05-01,Friday,21,evening,YouTube,STANDARD,12.51,0,0,0.00,0,0,0,0,N/A,0,false,1.98,57,71,73,41,34
85bfc215-c24f-4814-aa00-6794f1a7278a,1777659782678,1777659829586,2026-05-01,Friday,21,evening,YouTube,SHORTS,0.78,0,0,0.00,0,0,0,0,N/A,0,false,3.02,57,71,73,41,34
85bfc215-c24f-4814-aa00-6794f1a7278a,1777659490320,1777659601543,2026-05-01,Friday,21,evening,YouTube,SHORTS,1.85,0,0,0.00,0,0,0,0,N/A,0,false,1.58,57,71,73,41,34
85bfc215-c24f-4814-aa00-6794f1a7278a,1777659108743,1777659395282,2026-05-01,Friday,21,evening,YouTube,SHORTS,4.78,0,0,0.00,0,0,0,0,N/A,0,false,0.09,57,71,73,41,34
85bfc215-c24f-4814-aa00-6794f1a7278a,1777658939488,1777659103186,2026-05-01,Friday,21,evening,YouTube,SHORTS,2.73,0,0,0.00,0,0,0,0,N/A,0,false,2.39,57,71,73,41,34
85bfc215-c24f-4814-aa00-6794f1a7278a,1777658683773,1777658795818,2026-05-01,Friday,21,evening,YouTube,SHORTS,1.87,0,0,0.00,0,0,0,0,N/A,0,false,1.15,57,71,73,41,34
85bfc215-c24f-4814-aa00-6794f1a7278a,1777658451457,1777658614719,2026-05-01,Friday,21,evening,YouTube,SHORTS,2.72,0,0,0.00,0,0,0,0,N/A,0,false,2.02,57,71,73,41,34
85bfc215-c24f-4814-aa00-6794f1a7278a,1777657916924,1777658330107,2026-05-01,Friday,20,evening,YouTube,STANDARD,6.89,0,0,0.00,0,0,0,0,N/A,0,false,0.53,57,71,73,41,34
85bfc215-c24f-4814-aa00-6794f1a7278a,1777657812490,1777657884943,2026-05-01,Friday,20,evening,YouTube,SHORTS,1.21,0,0,0.00,0,0,0,0,N/A,0,false,63.82,57,71,73,41,34
85bfc215-c24f-4814-aa00-6794f1a7278a,1777653706255,1777653983523,2026-05-01,Friday,19,evening,YouTube,SHORTS,4.62,0,0,0.00,0,0,0,0,N/A,1,false,231.52,57,71,73,41,34
85bfc215-c24f-4814-aa00-6794f1a7278a,1777649852035,1777650062444,2026-05-01,Friday,18,evening,Instagram,REELS,3.51,0,0,0.00,0,0,0,0,N/A,0,false,6.76,57,71,73,41,34
85bfc215-c24f-4814-aa00-6794f1a7278a,1777648737605,1777649446538,2026-05-01,Friday,18,evening,Instagram,LONG_FORM,11.82,0,0,0.00,0,0,0,0,N/A,0,false,0.09,57,71,73,41,34
85bfc215-c24f-4814-aa00-6794f1a7278a,1777647925008,1777648732155,2026-05-01,Friday,18,evening,Instagram,LONG_FORM,13.45,0,0,0.00,0,0,0,0,N/A,0,false,357.39,57,71,73,41,34
85bfc215-c24f-4814-aa00-6794f1a7278a,1777637782114,1777639814859,2026-05-01,Friday,15,afternoon,YouTube,LONG_FORM,33.88,0,0,0.00,0,0,0,0,N/A,1,false,396.00,57,71,73,41,34
85bfc215-c24f-4814-aa00-6794f1a7278a,1777626357965,1777626481798,2026-05-01,Friday,12,afternoon,Instagram,REELS,2.06,0,0,0.00,0,0,0,0,N/A,0,false,94.99,57,71,73,41,34
85bfc215-c24f-4814-aa00-6794f1a7278a,1777619877847,1777620658380,2026-05-01,Friday,10,morning,Instagram,LONG_FORM,13.01,0,0,0.00,0,0,0,0,N/A,0,false,6.92,57,71,73,41,34
85bfc215-c24f-4814-aa00-6794f1a7278a,1777618916139,1777619462483,2026-05-01,Friday,10,morning,Instagram,REELS,9.11,0,0,0.00,0,0,0,0,N/A,0,false,605.41,57,71,73,41,34
85bfc215-c24f-4814-aa00-6794f1a7278a,1777612659766,1777614022307,2026-05-01,Friday,8,morning,YouTube,LONG_FORM,22.71,0,0,0.00,0,0,0,0,N/A,0,false,8.96,57,71,73,41,34
85bfc215-c24f-4814-aa00-6794f1a7278a,1777612070158,1777612122157,2026-05-01,Friday,8,morning,YouTube,SHORTS,0.87,0,0,0.00,0,0,0,0,N/A,0,false,1.71,57,71,73,41,34
85bfc215-c24f-4814-aa00-6794f1a7278a,1777611743747,1777611967744,2026-05-01,Friday,8,morning,YouTube,SHORTS,3.73,0,0,0.00,0,0,0,0,N/A,1,false,566.12,57,71,73,41,34
85bfc215-c24f-4814-aa00-6794f1a7278a,1777582364778,1777582591272,2026-04-30,Thursday,23,night,Instagram,REELS,3.77,0,0,0.00,0,0,0,0,N/A,0,false,16.76,35,48,44,17,27
85bfc215-c24f-4814-aa00-6794f1a7278a,1777580037247,1777581359270,2026-04-30,Thursday,23,night,Instagram,LONG_FORM,22.03,0,0,0.00,0,0,0,0,N/A,0,false,219.07,35,48,44,17,27
85bfc215-c24f-4814-aa00-6794f1a7278a,1777577319997,1777577776771,2026-04-30,Thursday,22,night,YouTube,STANDARD,7.61,0,0,0.00,0,0,0,0,N/A,0,false,0.20,35,48,44,17,27
85bfc215-c24f-4814-aa00-6794f1a7278a,1777577130008,1777577308153,2026-04-30,Thursday,22,night,YouTube,SHORTS,2.97,0,0,0.00,0,0,0,0,N/A,0,false,1.30,35,48,44,17,27
85bfc215-c24f-4814-aa00-6794f1a7278a,1777575441439,1777577052047,2026-04-30,Thursday,21,evening,YouTube,LONG_FORM,26.84,0,0,0.00,0,0,0,0,N/A,2,false,832.78,35,48,44,17,27
85bfc215-c24f-4814-aa00-6794f1a7278a,1777566747061,1777566893217,2026-04-30,Thursday,19,evening,Instagram,REELS,2.44,0,0,0.00,0,0,0,0,N/A,0,false,1508.78,35,48,44,17,27
85bfc215-c24f-4814-aa00-6794f1a7278a,1777525404234,1777525474879,2026-04-30,Thursday,8,morning,YouTube,SHORTS,1.18,0,0,0.00,0,0,0,0,N/A,0,false,59.84,35,48,44,17,27
85bfc215-c24f-4814-aa00-6794f1a7278a,1777520904893,1777521813698,2026-04-30,Thursday,6,morning,YouTube,LONG_FORM,15.15,0,0,0.00,0,0,0,0,N/A,0,false,0.68,35,48,44,17,27
85bfc215-c24f-4814-aa00-6794f1a7278a,1777520264224,1777520863931,2026-04-30,Thursday,6,morning,YouTube,STANDARD,10.00,0,0,0.00,0,0,0,0,N/A,0,false,392.23,35,48,44,17,27
85bfc215-c24f-4814-aa00-6794f1a7278a,1777495309876,1777496730437,2026-04-29,Wednesday,23,night,YouTube,LONG_FORM,23.68,0,0,0.00,0,0,0,0,N/A,0,false,1.45,51,63,68,34,32
85bfc215-c24f-4814-aa00-6794f1a7278a,1777494948443,1777495222793,2026-04-29,Wednesday,23,night,YouTube,SHORTS,4.57,0,0,0.00,0,0,0,0,N/A,0,false,1.16,51,63,68,34,32
85bfc215-c24f-4814-aa00-6794f1a7278a,1777494558956,1777494878627,2026-04-29,Wednesday,23,night,YouTube,STANDARD,5.33,0,0,0.00,0,0,0,0,N/A,0,false,0.03,51,63,68,34,32
85bfc215-c24f-4814-aa00-6794f1a7278a,1777494445881,1777494557393,2026-04-29,Wednesday,23,night,YouTube,SHORTS,1.86,0,0,0.00,0,0,0,0,N/A,0,false,1.83,51,63,68,34,32
85bfc215-c24f-4814-aa00-6794f1a7278a,1777494272707,1777494336337,2026-04-29,Wednesday,23,night,YouTube,SHORTS,1.06,0,0,0.00,0,0,0,0,N/A,0,false,8.91,51,63,68,34,32
85bfc215-c24f-4814-aa00-6794f1a7278a,1777493708056,1777493738245,2026-04-29,Wednesday,23,night,YouTube,SHORTS,0.50,0,0,0.00,0,0,0,0,N/A,0,false,1.34,51,63,68,34,32
85bfc215-c24f-4814-aa00-6794f1a7278a,1777493246665,1777493627508,2026-04-29,Wednesday,23,night,YouTube,STANDARD,6.35,0,0,0.00,0,0,0,0,N/A,0,false,223.27,51,63,68,34,32
85bfc215-c24f-4814-aa00-6794f1a7278a,1777479651368,1777479850579,2026-04-29,Wednesday,19,evening,YouTube,SHORTS,3.32,0,0,0.00,0,0,0,0,N/A,0,false,357.00,51,63,68,34,32
85bfc215-c24f-4814-aa00-6794f1a7278a,1777476158307,1777476220026,2026-04-29,Wednesday,18,evening,Instagram,REELS,1.03,0,0,0.00,0,0,0,0,N/A,0,false,181.45,51,63,68,34,32
85bfc215-c24f-4814-aa00-6794f1a7278a,1777465210185,1777465271062,2026-04-29,Wednesday,15,afternoon,Instagram,REELS,1.01,0,0,0.00,0,0,0,0,N/A,-1,false,134.06,51,63,68,34,32
85bfc215-c24f-4814-aa00-6794f1a7278a,1777458193680,1777458231471,2026-04-29,Wednesday,13,afternoon,YouTube,SHORTS,0.63,0,0,0.00,0,0,0,0,N/A,-1,false,14.76,51,63,68,34,32
85bfc215-c24f-4814-aa00-6794f1a7278a,1777457266540,1777457308162,2026-04-29,Wednesday,13,afternoon,YouTube,SHORTS,0.69,0,0,0.00,0,0,0,0,N/A,-1,false,114.30,51,63,68,34,32
85bfc215-c24f-4814-aa00-6794f1a7278a,1777456280490,1777457166724,2026-04-29,Wednesday,12,afternoon,Instagram,LONG_FORM,14.77,0,0,0.00,0,0,0,0,N/A,-1,false,260.29,51,63,68,34,32
85bfc215-c24f-4814-aa00-6794f1a7278a,1777450236631,1777450408607,2026-04-29,Wednesday,11,morning,YouTube,SHORTS,2.87,0,0,0.00,0,0,0,0,N/A,-1,false,63.09,51,63,68,34,32
85bfc215-c24f-4814-aa00-6794f1a7278a,1777446156143,1777446451258,2026-04-29,Wednesday,10,morning,YouTube,SHORTS,4.92,0,0,0.00,0,0,0,0,N/A,-1,false,6.93,51,63,68,34,32
85bfc215-c24f-4814-aa00-6794f1a7278a,1777445145419,1777445740264,2026-04-29,Wednesday,9,morning,YouTube,STANDARD,9.91,0,0,0.00,0,0,0,0,N/A,-1,false,2.96,51,63,68,34,32
85bfc215-c24f-4814-aa00-6794f1a7278a,1777444311171,1777444967771,2026-04-29,Wednesday,9,morning,YouTube,STANDARD,10.94,0,0,0.00,0,0,0,0,N/A,-1,false,0.04,51,63,68,34,32
85bfc215-c24f-4814-aa00-6794f1a7278a,1777444250142,1777444308745,2026-04-29,Wednesday,9,morning,YouTube,SHORTS,0.98,0,0,0.00,0,0,0,0,N/A,-1,false,747.28,51,63,68,34,32
85bfc215-c24f-4814-aa00-6794f1a7278a,1777436583087,1777440662854,2026-04-29,Wednesday,7,morning,Instagram,LONG_FORM,68.00,0,0,0.00,0,0,0,0,N/A,-1,false,0.50,51,63,68,34,32
85bfc215-c24f-4814-aa00-6794f1a7278a,1777436490444,1777436552820,2026-04-29,Wednesday,7,morning,Instagram,REELS,1.04,0,0,0.00,0,0,0,0,N/A,-1,false,561.46,51,63,68,34,32
85bfc215-c24f-4814-aa00-6794f1a7278a,1777401819582,1777402802583,2026-04-28,Tuesday,21,evening,Instagram,LONG_FORM,16.38,0,0,0.00,0,0,0,0,N/A,-1,false,1.33,30,36,56,20,0
85bfc215-c24f-4814-aa00-6794f1a7278a,1777400939833,1777401739812,2026-04-28,Tuesday,21,evening,Instagram,LONG_FORM,13.33,0,0,0.00,0,0,0,0,N/A,-1,false,2.89,30,36,56,20,0
85bfc215-c24f-4814-aa00-6794f1a7278a,1777400406782,1777400766216,2026-04-28,Tuesday,21,evening,Instagram,REELS,5.99,0,0,0.00,0,0,0,0,N/A,-1,false,243.99,30,36,56,20,0
85bfc215-c24f-4814-aa00-6794f1a7278a,1777399203443,1777399413106,2026-04-28,Tuesday,21,evening,YouTube,SHORTS,3.49,0,0,0.00,0,0,0,0,N/A,-1,false,861.82,30,36,56,20,0
85bfc215-c24f-4814-aa00-6794f1a7278a,1777385662750,1777385767188,2026-04-28,Tuesday,17,evening,Instagram,REELS,1.74,0,0,0.00,0,0,0,0,N/A,-1,false,2.09,30,36,56,20,0
85bfc215-c24f-4814-aa00-6794f1a7278a,1777385492519,1777385537448,2026-04-28,Tuesday,17,evening,Instagram,REELS,0.75,0,0,0.00,0,0,0,0,N/A,-1,false,2.49,30,36,56,20,0
85bfc215-c24f-4814-aa00-6794f1a7278a,1777385298043,1777385343100,2026-04-28,Tuesday,17,evening,Instagram,REELS,0.75,0,0,0.00,0,0,0,0,N/A,-1,false,455.67,30,36,56,20,0
85bfc215-c24f-4814-aa00-6794f1a7278a,1777357925423,1777357957874,2026-04-28,Tuesday,9,morning,Instagram,REELS,0.54,0,0,0.00,0,0,0,0,N/A,-1,false,0.94,30,36,56,20,0
85bfc215-c24f-4814-aa00-6794f1a7278a,1777357799641,1777357868899,2026-04-28,Tuesday,9,morning,Instagram,REELS,1.15,0,0,0.00,0,0,0,0,N/A,-1,false,185.83,30,36,56,20,0
85bfc215-c24f-4814-aa00-6794f1a7278a,1777346662058,1777347494061,2026-04-28,Tuesday,6,morning,YouTube,STANDARD,13.87,0,0,0.00,0,0,0,0,N/A,-1,false,710.02,30,36,56,20,0
85bfc215-c24f-4814-aa00-6794f1a7278a,1777346016228,1777346649677,2026-04-28,Tuesday,6,morning,Instagram,LONG_FORM,10.56,0,0,0.00,0,0,0,0,N/A,-1,false,665.41,30,36,56,20,0
85bfc215-c24f-4814-aa00-6794f1a7278a,1777305697466,1777306091337,2026-04-27,Monday,19,evening,Instagram,REELS,6.56,0,0,0.00,0,0,0,0,N/A,-1,false,40.79,21,26,33,19,0
85bfc215-c24f-4814-aa00-6794f1a7278a,1777304027939,1777304060723,2026-04-27,Monday,18,evening,YouTube,SHORTS,0.55,0,0,0.00,0,0,0,0,N/A,-1,false,9.00,21,26,33,19,0
85bfc215-c24f-4814-aa00-6794f1a7278a,1777303256999,1777303487907,2026-04-27,Monday,18,evening,YouTube,SHORTS,3.85,0,0,0.00,0,0,0,0,N/A,-1,false,446.24,21,26,33,19,0
85bfc215-c24f-4814-aa00-6794f1a7278a,1777302316159,1777303250285,2026-04-27,Monday,18,evening,Instagram,LONG_FORM,15.57,0,0,0.00,0,0,0,0,N/A,-1,false,195.63,21,26,33,19,0
85bfc215-c24f-4814-aa00-6794f1a7278a,1777290328004,1777290578621,2026-04-27,Monday,14,afternoon,Instagram,REELS,4.18,0,0,0.00,0,0,0,0,N/A,-1,false,113.62,21,26,33,19,0
85bfc215-c24f-4814-aa00-6794f1a7278a,1777283181205,1777283510994,2026-04-27,Monday,12,afternoon,Instagram,REELS,5.50,0,0,0.00,0,0,0,0,N/A,-1,false,856.51,21,26,33,19,0
85bfc215-c24f-4814-aa00-6794f1a7278a,1777276415825,1777276482810,2026-04-27,Monday,10,morning,YouTube,SHORTS,1.12,0,0,0.00,0,0,0,0,N/A,-1,false,893.01,21,26,33,19,0
85bfc215-c24f-4814-aa00-6794f1a7278a,1777231072467,1777231790695,2026-04-26,Sunday,22,night,Instagram,LONG_FORM,11.97,0,0,0.00,0,0,0,0,N/A,-1,false,53.91,39,58,53,21,17
85bfc215-c24f-4814-aa00-6794f1a7278a,1777227570101,1777227837860,2026-04-26,Sunday,21,evening,Instagram,REELS,4.46,0,0,0.00,0,0,0,0,N/A,-1,false,243.66,39,58,53,21,17
85bfc215-c24f-4814-aa00-6794f1a7278a,1777222521216,1777222835207,2026-04-26,Sunday,19,evening,YouTube,STANDARD,5.23,0,0,0.00,0,0,0,0,N/A,-1,false,34.19,39,58,53,21,17
85bfc215-c24f-4814-aa00-6794f1a7278a,1777220011553,1777220469766,2026-04-26,Sunday,19,evening,YouTube,STANDARD,7.64,0,0,0.00,0,0,0,0,N/A,-1,false,1205.86,39,58,53,21,17
85bfc215-c24f-4814-aa00-6794f1a7278a,1777209741193,1777212950502,2026-04-26,Sunday,16,afternoon,Instagram,LONG_FORM,53.49,0,0,0.00,0,0,0,0,N/A,-1,false,224.00,39,58,53,21,17
85bfc215-c24f-4814-aa00-6794f1a7278a,1777196228728,1777196301006,2026-04-26,Sunday,12,afternoon,Instagram,REELS,1.20,0,0,0.00,0,0,0,0,N/A,-1,false,1.48,39,58,53,21,17
85bfc215-c24f-4814-aa00-6794f1a7278a,1777196038231,1777196139961,2026-04-26,Sunday,12,afternoon,Instagram,REELS,1.70,0,0,0.00,0,0,0,0,N/A,-1,false,240.13,39,58,53,21,17
85bfc215-c24f-4814-aa00-6794f1a7278a,1777181397100,1777181630198,2026-04-26,Sunday,8,morning,Instagram,REELS,3.88,0,0,0.00,0,0,0,0,N/A,-1,false,4.78,39,58,53,21,17
85bfc215-c24f-4814-aa00-6794f1a7278a,1777180370089,1777181110353,2026-04-26,Sunday,8,morning,Instagram,LONG_FORM,12.34,0,0,0.00,0,0,0,0,N/A,-1,false,0.01,39,58,53,21,17
85bfc215-c24f-4814-aa00-6794f1a7278a,1777179546181,1777180369706,2026-04-26,Sunday,7,morning,Instagram,LONG_FORM,13.73,0,0,0.00,0,0,0,0,N/A,-1,false,1.06,39,58,53,21,17
85bfc215-c24f-4814-aa00-6794f1a7278a,1777179245523,1777179482814,2026-04-26,Sunday,7,morning,Instagram,REELS,3.95,0,0,0.00,0,0,0,0,N/A,-1,false,503.05,39,58,53,21,17
85bfc215-c24f-4814-aa00-6794f1a7278a,1777147813541,1777149062274,2026-04-25,Saturday,23,night,Instagram,LONG_FORM,20.81,0,0,0.00,0,0,0,0,N/A,-1,false,3.31,57,74,70,36,42
85bfc215-c24f-4814-aa00-6794f1a7278a,1777147628234,1777147660214,2026-04-25,Saturday,23,night,YouTube,SHORTS,0.53,0,0,0.00,0,0,0,0,N/A,-1,false,18.32,57,74,70,36,42
85bfc215-c24f-4814-aa00-6794f1a7278a,1777146797896,1777147614723,2026-04-25,Saturday,22,night,Instagram,LONG_FORM,13.61,0,0,0.00,0,0,0,0,N/A,-1,false,11.46,57,74,70,36,42
85bfc215-c24f-4814-aa00-6794f1a7278a,1777146348629,1777146528989,2026-04-25,Saturday,22,night,YouTube,SHORTS,3.01,0,0,0.00,0,0,0,0,N/A,-1,false,224.12,57,74,70,36,42
85bfc215-c24f-4814-aa00-6794f1a7278a,1777143728435,1777146110467,2026-04-25,Saturday,22,night,Instagram,LONG_FORM,39.70,0,0,0.00,0,0,0,0,N/A,-1,false,4.75,57,74,70,36,42
85bfc215-c24f-4814-aa00-6794f1a7278a,1777142049451,1777143443692,2026-04-25,Saturday,21,evening,Instagram,LONG_FORM,23.24,0,0,0.00,0,0,0,0,N/A,-1,false,3.11,57,74,70,36,42
85bfc215-c24f-4814-aa00-6794f1a7278a,1777141299118,1777141862637,2026-04-25,Saturday,21,evening,Instagram,REELS,9.39,0,0,0.00,0,0,0,0,N/A,-1,false,159.09,57,74,70,36,42
85bfc215-c24f-4814-aa00-6794f1a7278a,1777132552098,1777132901532,2026-04-25,Saturday,18,evening,YouTube,STANDARD,5.82,0,0,0.00,0,0,0,0,N/A,-1,false,2983.49,57,74,70,36,42
85bfc215-c24f-4814-aa00-6794f1a7278a,1777130157445,1777131753728,2026-04-25,Saturday,18,evening,Instagram,LONG_FORM,26.60,0,0,0.00,0,0,0,0,N/A,-1,false,0.07,57,74,70,36,42
85bfc215-c24f-4814-aa00-6794f1a7278a,1777127398251,1777130153076,2026-04-25,Saturday,17,evening,Instagram,LONG_FORM,45.91,0,0,0.00,0,0,0,0,N/A,-1,false,1.36,57,74,70,36,42
85bfc215-c24f-4814-aa00-6794f1a7278a,1777125246203,1777127316708,2026-04-25,Saturday,16,afternoon,Instagram,LONG_FORM,34.51,0,0,0.00,0,0,0,0,N/A,-1,false,0.12,57,74,70,36,42
85bfc215-c24f-4814-aa00-6794f1a7278a,1777124786952,1777125239096,2026-04-25,Saturday,16,afternoon,Instagram,REELS,7.54,0,0,0.00,0,0,0,0,N/A,-1,false,0.13,57,74,70,36,42
85bfc215-c24f-4814-aa00-6794f1a7278a,1777124648498,1777124778933,2026-04-25,Saturday,16,afternoon,Instagram,REELS,2.17,0,0,0.00,0,0,0,0,N/A,-1,false,0.04,57,74,70,36,42
85bfc215-c24f-4814-aa00-6794f1a7278a,1777124586533,1777124645861,2026-04-25,Saturday,16,afternoon,Instagram,REELS,0.99,0,0,0.00,0,0,0,0,N/A,-1,false,0.14,57,74,70,36,42
85bfc215-c24f-4814-aa00-6794f1a7278a,1777123830839,1777124577888,2026-04-25,Saturday,16,afternoon,Instagram,LONG_FORM,12.45,0,0,0.00,0,0,0,0,N/A,-1,false,0.24,57,74,70,36,42
85bfc215-c24f-4814-aa00-6794f1a7278a,1777123562257,1777123816540,2026-04-25,Saturday,16,afternoon,Instagram,REELS,4.24,0,0,0.00,0,0,0,0,N/A,-1,false,1.95,57,74,70,36,42
85bfc215-c24f-4814-aa00-6794f1a7278a,1777123198709,1777123445241,2026-04-25,Saturday,16,afternoon,Instagram,REELS,4.11,0,0,0.00,0,0,0,0,N/A,-1,false,482.46,57,74,70,36,42
85bfc215-c24f-4814-aa00-6794f1a7278a,1777093166565,1777094251114,2026-04-25,Saturday,7,morning,Instagram,LONG_FORM,18.08,0,0,0.00,0,0,0,0,N/A,-1,false,689.27,57,74,70,36,42
85bfc215-c24f-4814-aa00-6794f1a7278a,1777051765860,1777051810441,2026-04-24,Friday,20,evening,Instagram,REELS,0.74,0,0,0.00,0,0,0,0,N/A,-1,false,0.15,17,20,34,10,0
85bfc215-c24f-4814-aa00-6794f1a7278a,1777051528393,1777051756921,2026-04-24,Friday,20,evening,Instagram,REELS,3.81,0,0,0.00,0,0,0,0,N/A,-1,false,352.02,17,20,34,10,0
85bfc215-c24f-4814-aa00-6794f1a7278a,1777030337600,1777030407302,2026-04-24,Friday,14,afternoon,Instagram,REELS,1.16,0,0,0.00,0,0,0,0,N/A,-1,false,470.94,17,20,34,10,0
85bfc215-c24f-4814-aa00-6794f1a7278a,1777001212778,1777002080906,2026-04-24,Friday,6,morning,Instagram,LONG_FORM,14.47,0,0,0.00,0,0,0,0,N/A,-1,false,632.75,17,20,34,10,0
85bfc215-c24f-4814-aa00-6794f1a7278a,1776962630092,1776963247987,2026-04-23,Thursday,19,evening,Instagram,LONG_FORM,10.30,0,0,0.00,0,0,0,0,N/A,-1,false,36.11,36,53,48,22,11
85bfc215-c24f-4814-aa00-6794f1a7278a,1776960360077,1776960463268,2026-04-23,Thursday,19,evening,Instagram,REELS,1.72,0,0,0.00,0,0,0,0,N/A,-1,false,711.49,36,53,48,22,11
85bfc215-c24f-4814-aa00-6794f1a7278a,1776953512756,1776953542998,2026-04-23,Thursday,17,evening,YouTube,SHORTS,0.50,0,0,0.00,0,0,0,0,N/A,-1,false,226.83,36,53,48,22,11
85bfc215-c24f-4814-aa00-6794f1a7278a,1776942170269,1776942241018,2026-04-23,Thursday,14,afternoon,Twitter/X,STANDARD,1.18,0,0,0.00,0,0,0,0,N/A,-1,false,11822.63,36,53,48,22,11
85bfc215-c24f-4814-aa00-6794f1a7278a,1776939555521,1776939903253,2026-04-23,Thursday,13,afternoon,YouTube,STANDARD,5.80,0,0,0.00,0,0,0,0,N/A,-1,false,0.21,36,53,48,22,11
85bfc215-c24f-4814-aa00-6794f1a7278a,1776937886064,1776939542785,2026-04-23,Thursday,12,afternoon,YouTube,LONG_FORM,27.61,0,0,0.00,0,0,0,0,N/A,-1,false,0.12,36,53,48,22,11
85bfc215-c24f-4814-aa00-6794f1a7278a,1776937829189,1776937878784,2026-04-23,Thursday,12,afternoon,YouTube,SHORTS,0.83,0,0,0.00,0,0,0,0,N/A,-1,false,233.29,36,53,48,22,11
85bfc215-c24f-4814-aa00-6794f1a7278a,1776923086341,1776923831993,2026-04-23,Thursday,8,morning,YouTube,STANDARD,12.43,0,0,0.00,0,0,0,0,N/A,-1,false,0.35,36,53,48,22,11
85bfc215-c24f-4814-aa00-6794f1a7278a,1776922515941,1776923065264,2026-04-23,Thursday,8,morning,YouTube,STANDARD,9.16,0,0,0.00,0,0,0,0,N/A,-1,false,2061.68,36,53,48,22,11
85bfc215-c24f-4814-aa00-6794f1a7278a,1776915414085,1776917670512,2026-04-23,Thursday,6,morning,Instagram,REELS,37.61,1276,14,33.93,0,0,0,0,N/A,-1,false,576.54,36,53,48,22,11
85bfc215-c24f-4814-aa00-6794f1a7278a,1776880469511,1776880821532,2026-04-22,Wednesday,20,evening,Instagram,REELS,5.87,0,0,0.00,0,0,0,0,N/A,-1,false,611.43,11,21,18,1,0
85bfc215-c24f-4814-aa00-6794f1a7278a,1776843694755,1776843783798,2026-04-22,Wednesday,10,morning,Instagram,UNKNOWN,1.48,0,0,0.00,0,0,0,0,N/A,-1,false,220.34,11,21,18,1,0
85bfc215-c24f-4814-aa00-6794f1a7278a,1776829709615,1776830474460,2026-04-22,Wednesday,6,morning,Instagram,UNKNOWN,12.75,1246,4,97.75,0,0,0,0,N/A,-1,false,676.63,11,21,18,1,0
85bfc215-c24f-4814-aa00-6794f1a7278a,1776797723078,1776798814955,2026-04-21,Tuesday,21,evening,YouTube,UNKNOWN,18.20,0,0,0.00,0,0,0,0,N/A,-1,false,0.38,27,32,44,25,0
85bfc215-c24f-4814-aa00-6794f1a7278a,1776797663073,1776797700318,2026-04-21,Tuesday,21,evening,YouTube,UNKNOWN,0.62,0,0,0.00,0,0,0,0,N/A,-1,false,0.45,27,32,44,25,0
85bfc215-c24f-4814-aa00-6794f1a7278a,1776797455475,1776797635917,2026-04-21,Tuesday,21,evening,YouTube,UNKNOWN,3.01,0,0,0.00,0,0,0,0,N/A,-1,false,1.43,27,32,44,25,0
85bfc215-c24f-4814-aa00-6794f1a7278a,1776797153722,1776797369852,2026-04-21,Tuesday,21,evening,YouTube,UNKNOWN,3.60,0,0,0.00,0,0,0,0,N/A,-1,false,18.51,27,32,44,25,0
85bfc215-c24f-4814-aa00-6794f1a7278a,1776795715908,1776796043173,2026-04-21,Tuesday,21,evening,YouTube,UNKNOWN,5.45,0,0,0.00,0,0,0,0,N/A,-1,false,2347.11,27,32,44,25,0
85bfc215-c24f-4814-aa00-6794f1a7278a,1776788975734,1776789112085,2026-04-21,Tuesday,19,evening,Instagram,UNKNOWN,2.27,0,0,0.00,0,0,0,0,N/A,-1,false,274.66,27,32,44,25,0
85bfc215-c24f-4814-aa00-6794f1a7278a,1776771978447,1776772496366,2026-04-21,Tuesday,14,afternoon,Instagram,UNKNOWN,8.63,0,0,0.00,0,0,0,0,N/A,-1,false,49.85,27,32,44,25,0
85bfc215-c24f-4814-aa00-6794f1a7278a,1776768776287,1776768987598,2026-04-21,Tuesday,13,afternoon,Instagram,UNKNOWN,3.52,0,0,0.00,0,0,0,0,N/A,-1,false,143.03,27,32,44,25,0
85bfc215-c24f-4814-aa00-6794f1a7278a,1776759793942,1776760194284,2026-04-21,Tuesday,11,morning,Instagram,UNKNOWN,6.67,354,3,53.05,0,0,0,0,N/A,-1,false,832.63,27,32,44,25,0
85bfc215-c24f-4814-aa00-6794f1a7278a,1776709478129,1776709836439,2026-04-20,Monday,21,evening,Instagram,UNKNOWN,5.97,199,13,33.32,0,0,0,0,N/A,-1,false,60.40,24,30,42,18,0
85bfc215-c24f-4814-aa00-6794f1a7278a,1776705508432,1776705854109,2026-04-20,Monday,20,evening,Instagram,UNKNOWN,5.76,719,5,124.80,0,0,0,0,N/A,-1,false,255.50,24,30,42,18,0
85bfc215-c24f-4814-aa00-6794f1a7278a,1776689989235,1776690178363,2026-04-20,Monday,15,afternoon,Instagram,UNKNOWN,3.15,0,0,0.00,0,0,0,0,N/A,-1,false,0.04,24,30,42,18,0
85bfc215-c24f-4814-aa00-6794f1a7278a,1776689177946,1776689986918,2026-04-20,Monday,15,afternoon,Instagram,UNKNOWN,13.48,0,0,0.00,0,0,0,0,N/A,-1,false,0.15,24,30,42,18,0
85bfc215-c24f-4814-aa00-6794f1a7278a,1776688984796,1776689169142,2026-04-20,Monday,15,afternoon,Instagram,UNKNOWN,3.07,1231,21,400.66,0,0,0,0,N/A,-1,false,560.20,24,30,42,18,0
85bfc215-c24f-4814-aa00-6794f1a7278a,1776654899119,1776655372852,2026-04-20,Monday,6,morning,Instagram,UNKNOWN,7.90,0,0,0.00,0,0,0,0,N/A,-1,false,420.04,24,30,42,18,0
85bfc215-c24f-4814-aa00-6794f1a7278a,1776654395738,1776654889126,2026-04-20,Monday,6,morning,YouTube,UNKNOWN,8.22,0,0,0.00,0,0,0,0,N/A,-1,false,410.01,24,30,42,18,0
85bfc215-c24f-4814-aa00-6794f1a7278a,1776629700514,1776629795259,2026-04-19,Sunday,23,night,YouTube,UNKNOWN,1.58,0,0,0.00,0,0,0,0,N/A,-1,false,917.69,29,25,44,19,30
85bfc215-c24f-4814-aa00-6794f1a7278a,1776629507162,1776629696722,2026-04-19,Sunday,23,night,Instagram,UNKNOWN,3.16,0,0,0.00,0,0,0,0,N/A,-1,false,1.13,29,25,44,19,30
85bfc215-c24f-4814-aa00-6794f1a7278a,1776628917263,1776629439358,2026-04-19,Sunday,23,night,Instagram,UNKNOWN,8.70,0,0,0.00,0,0,0,0,N/A,-1,false,153.47,29,25,44,19,30
85bfc215-c24f-4814-aa00-6794f1a7278a,1776619364882,1776619709074,2026-04-19,Sunday,20,evening,Instagram,UNKNOWN,5.74,1064,5,185.48,0,0,0,0,N/A,-1,false,756.87,29,25,44,19,30
85bfc215-c24f-4814-aa00-6794f1a7278a,1776573978932,1776574639053,2026-04-19,Sunday,7,morning,YouTube,UNKNOWN,11.00,0,0,0.00,0,0,0,0,N/A,-1,false,2807.78,29,25,44,19,30
85bfc215-c24f-4814-aa00-6794f1a7278a,1776573648826,1776573952702,2026-04-19,Sunday,7,morning,Instagram,UNKNOWN,5.06,0,0,0.00,0,0,0,0,N/A,-1,false,976.10,29,25,44,19,30
85bfc215-c24f-4814-aa00-6794f1a7278a,1776513494048,1776515083049,2026-04-18,Saturday,14,afternoon,Instagram,UNKNOWN,26.48,0,0,0.00,0,0,0,0,N/A,-1,false,200.93,27,36,39,23,0
85bfc215-c24f-4814-aa00-6794f1a7278a,1776501406960,1776501438381,2026-04-18,Saturday,11,morning,Instagram,UNKNOWN,0.52,0,0,0.00,0,0,0,0,N/A,-1,false,1.69,27,36,39,23,0
85bfc215-c24f-4814-aa00-6794f1a7278a,1776501200547,1776501305375,2026-04-18,Saturday,11,morning,Instagram,UNKNOWN,1.75,0,0,0.00,0,0,0,0,N/A,-1,false,36.58,27,36,39,23,0
85bfc215-c24f-4814-aa00-6794f1a7278a,1776498159126,1776499005944,2026-04-18,Saturday,10,morning,Instagram,UNKNOWN,14.11,1024,20,72.55,0,0,0,0,N/A,-1,false,692.36,27,36,39,23,0
85bfc215-c24f-4814-aa00-6794f1a7278a,1776455895189,1776456617740,2026-04-17,Friday,22,night,Instagram,UNKNOWN,12.04,954,2,79.22,0,0,0,0,N/A,-1,false,490.66,37,56,44,21,19
85bfc215-c24f-4814-aa00-6794f1a7278a,1776425734031,1776426455842,2026-04-17,Friday,14,afternoon,Instagram,UNKNOWN,12.03,0,0,0.00,0,0,0,0,N/A,-1,false,0.04,37,56,44,21,19
85bfc215-c24f-4814-aa00-6794f1a7278a,1776423912270,1776425731424,2026-04-17,Friday,14,afternoon,Instagram,UNKNOWN,30.32,0,0,0.00,0,0,0,0,N/A,-1,false,0.03,37,56,44,21,19
85bfc215-c24f-4814-aa00-6794f1a7278a,1776423868255,1776423910628,2026-04-17,Friday,14,afternoon,Instagram,UNKNOWN,0.71,0,0,0.00,0,0,0,0,N/A,-1,false,0.98,37,56,44,21,19
85bfc215-c24f-4814-aa00-6794f1a7278a,1776422938790,1776423809336,2026-04-17,Friday,13,afternoon,Instagram,UNKNOWN,14.51,106,1,7.31,0,0,0,0,N/A,-1,false,351.56,37,56,44,21,19
85bfc215-c24f-4814-aa00-6794f1a7278a,1776404897678,1776405512190,2026-04-17,Friday,8,morning,YouTube,UNKNOWN,10.24,0,0,0.00,0,0,0,0,N/A,-1,false,4281.84,37,56,44,21,19
85bfc215-c24f-4814-aa00-6794f1a7278a,1776400473952,1776401845303,2026-04-17,Friday,7,morning,Instagram,UNKNOWN,22.86,0,0,0.00,0,0,0,0,N/A,-1,false,0.10,37,56,44,21,19
85bfc215-c24f-4814-aa00-6794f1a7278a,1776399760709,1776400468225,2026-04-17,Friday,7,morning,Instagram,UNKNOWN,11.79,388,18,32.90,0,0,0,0,N/A,-1,false,580.34,37,56,44,21,19
85bfc215-c24f-4814-aa00-6794f1a7278a,1776364778296,1776364940398,2026-04-16,Thursday,21,evening,Instagram,UNKNOWN,2.70,0,0,0.00,0,0,0,0,N/A,-1,false,0.00,48,58,67,40,19
85bfc215-c24f-4814-aa00-6794f1a7278a,1776364608091,1776364778042,2026-04-16,Thursday,21,evening,Instagram,UNKNOWN,2.83,0,0,0.00,0,0,0,0,N/A,-1,false,73.06,48,58,67,40,19
85bfc215-c24f-4814-aa00-6794f1a7278a,1776359992862,1776360224357,2026-04-16,Thursday,20,evening,Instagram,UNKNOWN,3.86,0,0,0.00,0,0,0,0,N/A,-1,false,0.00,48,58,67,40,19
85bfc215-c24f-4814-aa00-6794f1a7278a,1776359950517,1776359992818,2026-04-16,Thursday,20,evening,Instagram,UNKNOWN,0.71,0,0,0.00,0,0,0,0,N/A,-1,false,0.00,48,58,67,40,19
85bfc215-c24f-4814-aa00-6794f1a7278a,1776358123360,1776359950499,2026-04-16,Thursday,19,evening,Instagram,UNKNOWN,30.45,0,0,0.00,0,0,0,0,N/A,-1,false,0.03,48,58,67,40,19
85bfc215-c24f-4814-aa00-6794f1a7278a,1776356441520,1776358121643,2026-04-16,Thursday,19,evening,Instagram,UNKNOWN,28.00,0,0,0.00,0,0,0,0,N/A,-1,false,0.26,48,58,67,40,19
85bfc215-c24f-4814-aa00-6794f1a7278a,1776354355600,1776356425998,2026-04-16,Thursday,18,evening,Instagram,UNKNOWN,34.51,0,0,0.00,0,0,0,0,N/A,-1,false,0.05,48,58,67,40,19
85bfc215-c24f-4814-aa00-6794f1a7278a,1776354236942,1776354352584,2026-04-16,Thursday,18,evening,Instagram,UNKNOWN,1.93,0,0,0.00,0,0,0,0,N/A,-1,false,0.00,48,58,67,40,19
85bfc215-c24f-4814-aa00-6794f1a7278a,1776354137867,1776354236929,2026-04-16,Thursday,18,evening,Instagram,UNKNOWN,1.65,0,0,0.00,0,0,0,0,N/A,-1,false,0.36,48,58,67,40,19
85bfc215-c24f-4814-aa00-6794f1a7278a,1776353963512,1776354116505,2026-04-16,Thursday,18,evening,Instagram,UNKNOWN,2.55,0,0,0.00,0,0,0,0,N/A,-1,false,0.48,48,58,67,40,19
85bfc215-c24f-4814-aa00-6794f1a7278a,1776353658956,1776353934497,2026-04-16,Thursday,18,evening,Instagram,UNKNOWN,4.59,0,0,0.00,0,0,0,0,N/A,-1,false,0.29,48,58,67,40,19
85bfc215-c24f-4814-aa00-6794f1a7278a,1776353010822,1776353641531,2026-04-16,Thursday,18,evening,Instagram,UNKNOWN,10.51,0,0,0.00,0,0,0,0,N/A,-1,false,98.63,48,58,67,40,19
85bfc215-c24f-4814-aa00-6794f1a7278a,1776346878360,1776347092929,2026-04-16,Thursday,16,afternoon,Instagram,UNKNOWN,3.58,0,0,0.00,0,0,0,0,N/A,-1,false,136.37,48,58,67,40,19
85bfc215-c24f-4814-aa00-6794f1a7278a,1776338502671,1776338696357,2026-04-16,Thursday,14,afternoon,Instagram,UNKNOWN,3.23,6357,110,1969.27,0,0,0,0,N/A,-1,false,471.71,48,58,67,40,19
85bfc215-c24f-4814-aa00-6794f1a7278a,1776308916346,1776310200074,2026-04-16,Thursday,6,morning,Instagram,UNKNOWN,21.40,0,0,0.00,0,0,0,0,N/A,-1,false,0.05,48,58,67,40,19
85bfc215-c24f-4814-aa00-6794f1a7278a,1776308866515,1776308913310,2026-04-16,Thursday,6,morning,Instagram,UNKNOWN,0.78,0,0,0.00,0,0,0,0,N/A,-1,false,0.05,48,58,67,40,19
85bfc215-c24f-4814-aa00-6794f1a7278a,1776308763511,1776308863534,2026-04-16,Thursday,6,morning,Instagram,UNKNOWN,1.67,0,0,0.00,0,0,0,0,N/A,-1,false,549.13,48,58,67,40,19
85bfc215-c24f-4814-aa00-6794f1a7278a,1776275295496,1776275815989,2026-04-15,Wednesday,20,evening,Instagram,UNKNOWN,8.67,0,0,0.00,0,0,0,0,N/A,-1,false,34.70,25,18,53,25,0
85bfc215-c24f-4814-aa00-6794f1a7278a,1776273020159,1776273213404,2026-04-15,Wednesday,20,evening,Instagram,UNKNOWN,3.22,0,0,0.00,0,0,0,0,N/A,-1,false,4.70,25,18,53,25,0
85bfc215-c24f-4814-aa00-6794f1a7278a,1776272654241,1776272738061,2026-04-15,Wednesday,20,evening,Instagram,UNKNOWN,1.40,0,0,0.00,0,0,0,0,N/A,-1,false,2.65,25,18,53,25,0
85bfc215-c24f-4814-aa00-6794f1a7278a,1776272414306,1776272495494,2026-04-15,Wednesday,20,evening,Instagram,UNKNOWN,1.35,0,0,0.00,0,0,0,0,N/A,-1,false,0.44,25,18,53,25,0
85bfc215-c24f-4814-aa00-6794f1a7278a,1776272216879,1776272387680,2026-04-15,Wednesday,19,evening,Instagram,UNKNOWN,2.85,0,0,0.00,0,0,0,0,N/A,-1,false,0.07,25,18,53,25,0
85bfc215-c24f-4814-aa00-6794f1a7278a,1776271991325,1776272212383,2026-04-15,Wednesday,19,evening,Instagram,UNKNOWN,3.68,0,0,0.00,0,0,0,0,N/A,-1,false,40.63,25,18,53,25,0
85bfc215-c24f-4814-aa00-6794f1a7278a,1776269497498,1776269553293,2026-04-15,Wednesday,19,evening,Instagram,UNKNOWN,0.93,0,0,0.00,0,0,0,0,N/A,-1,false,2.83,25,18,53,25,0
85bfc215-c24f-4814-aa00-6794f1a7278a,1776269195431,1776269327798,2026-04-15,Wednesday,19,evening,Instagram,UNKNOWN,2.21,0,0,0.00,0,0,0,0,N/A,-1,false,0.10,25,18,53,25,0
85bfc215-c24f-4814-aa00-6794f1a7278a,1776269023208,1776269189382,2026-04-15,Wednesday,19,evening,Instagram,UNKNOWN,2.77,0,0,0.00,0,0,0,0,N/A,-1,false,9.18,25,18,53,25,0
85bfc215-c24f-4814-aa00-6794f1a7278a,1776268370223,1776268472477,2026-04-15,Wednesday,18,evening,Instagram,UNKNOWN,1.70,0,0,0.00,0,0,0,0,N/A,-1,false,1630.95,25,18,53,25,0
85bfc215-c24f-4814-aa00-6794f1a7278a,1776232769560,1776232812603,2026-04-15,Wednesday,8,morning,Twitter/X,UNKNOWN,0.72,0,0,0.00,0,0,0,0,N/A,-1,false,NA,25,18,53,25,0
85bfc215-c24f-4814-aa00-6794f1a7278a,1776170392009,1776170513008,2026-04-14,Tuesday,15,afternoon,Instagram,UNKNOWN,2.02,0,0,0.00,0,0,0,0,N/A,-1,false,3.70,26,23,51,26,0
85bfc215-c24f-4814-aa00-6794f1a7278a,1776170099455,1776170170069,2026-04-14,Tuesday,15,afternoon,Instagram,UNKNOWN,1.18,0,0,0.00,0,0,0,0,N/A,-1,false,0.07,26,23,51,26,0
85bfc215-c24f-4814-aa00-6794f1a7278a,1776169787517,1776170095529,2026-04-14,Tuesday,15,afternoon,Instagram,UNKNOWN,5.13,0,0,0.00,0,0,0,0,N/A,-1,false,434.14,26,23,51,26,0
85bfc215-c24f-4814-aa00-6794f1a7278a,1776147641170,1776147987119,2026-04-14,Tuesday,9,morning,YouTube,UNKNOWN,5.77,0,0,0.00,0,0,0,0,N/A,-1,false,3.13,26,23,51,26,0
85bfc215-c24f-4814-aa00-6794f1a7278a,1776147411061,1776147453636,2026-04-14,Tuesday,9,morning,YouTube,UNKNOWN,0.71,0,0,0.00,0,0,0,0,N/A,-1,false,4.17,26,23,51,26,0
85bfc215-c24f-4814-aa00-6794f1a7278a,1776147071525,1776147161025,2026-04-14,Tuesday,9,morning,YouTube,UNKNOWN,1.49,0,0,0.00,0,0,0,0,N/A,-1,false,6.07,26,23,51,26,0
85bfc215-c24f-4814-aa00-6794f1a7278a,1776146320859,1776146707098,2026-04-14,Tuesday,8,morning,YouTube,UNKNOWN,6.44,0,0,0.00,0,0,0,0,N/A,-1,false,36.63,26,23,51,26,0
85bfc215-c24f-4814-aa00-6794f1a7278a,1776143777293,1776144123088,2026-04-14,Tuesday,8,morning,YouTube,UNKNOWN,5.76,0,0,0.00,0,0,0,0,N/A,-1,false,1552.85,26,23,51,26,0
85bfc215-c24f-4814-aa00-6794f1a7278a,1776143537099,1776143739157,2026-04-14,Tuesday,8,morning,Instagram,UNKNOWN,3.37,0,0,0.00,0,0,0,0,N/A,-1,false,101.40,26,23,51,26,0
85bfc215-c24f-4814-aa00-6794f1a7278a,1776136959460,1776137452826,2026-04-14,Tuesday,6,morning,Instagram,UNKNOWN,8.22,0,0,0.00,0,0,0,0,N/A,-1,false,690.01,26,23,51,26,0
85bfc215-c24f-4814-aa00-6794f1a7278a,1776095212233,1776095558810,2026-04-13,Monday,18,evening,Instagram,UNKNOWN,5.78,0,0,0.00,0,0,0,0,N/A,-1,false,137.80,13,21,25,2,0
85bfc215-c24f-4814-aa00-6794f1a7278a,1776086494503,1776086944307,2026-04-13,Monday,16,afternoon,Instagram,UNKNOWN,7.50,0,0,0.00,0,0,0,0,N/A,-1,false,607.40,13,21,25,2,0
85bfc215-c24f-4814-aa00-6794f1a7278a,1776050275310,1776050606248,2026-04-13,Monday,6,morning,YouTube,UNKNOWN,5.52,0,0,0.00,0,0,0,0,N/A,-1,false,903.29,13,21,25,2,0
85bfc215-c24f-4814-aa00-6794f1a7278a,1776049636686,1776050050411,2026-04-13,Monday,6,morning,Instagram,UNKNOWN,6.90,0,0,0.00,0,0,0,0,N/A,-1,false,500.54,13,21,25,2,0
85bfc215-c24f-4814-aa00-6794f1a7278a,1776019564603,1776019604334,2026-04-12,Sunday,21,evening,Instagram,UNKNOWN,0.66,0,0,0.00,0,0,0,0,N/A,-1,false,0.08,23,16,43,31,0
85bfc215-c24f-4814-aa00-6794f1a7278a,1776019526347,1776019559917,2026-04-12,Sunday,21,evening,Instagram,UNKNOWN,0.56,0,0,0.00,0,0,0,0,N/A,-1,false,326.10,23,16,43,31,0
85bfc215-c24f-4814-aa00-6794f1a7278a,1775999562352,1775999960536,2026-04-12,Sunday,16,afternoon,Instagram,UNKNOWN,6.64,0,0,0.00,0,0,0,0,N/A,-1,false,0.10,23,16,43,31,0
85bfc215-c24f-4814-aa00-6794f1a7278a,1775999183215,1775999556302,2026-04-12,Sunday,16,afternoon,Instagram,UNKNOWN,6.22,0,0,0.00,0,0,0,0,N/A,-1,false,0.01,23,16,43,31,0
85bfc215-c24f-4814-aa00-6794f1a7278a,1775999087273,1775999182607,2026-04-12,Sunday,16,afternoon,Instagram,UNKNOWN,1.59,0,0,0.00,0,0,0,0,N/A,-1,false,1087.56,23,16,43,31,0
85bfc215-c24f-4814-aa00-6794f1a7278a,1775995672362,1775996078197,2026-04-12,Sunday,15,afternoon,YouTube,UNKNOWN,6.76,0,0,0.00,0,0,0,0,N/A,-1,false,NA,23,16,43,31,0
85bfc215-c24f-4814-aa00-6794f1a7278a,1775933663013,1775933833825,2026-04-11,Saturday,21,evening,Instagram,UNKNOWN,2.85,0,0,0.00,0,0,0,0,N/A,-1,false,0.18,23,29,43,15,0
85bfc215-c24f-4814-aa00-6794f1a7278a,1775933614534,1775933652123,2026-04-11,Saturday,21,evening,Instagram,UNKNOWN,0.63,0,0,0.00,0,0,0,0,N/A,-1,false,160.52,23,29,43,15,0
85bfc215-c24f-4814-aa00-6794f1a7278a,1775923349561,1775923983360,2026-04-11,Saturday,19,evening,Instagram,UNKNOWN,10.56,0,0,0.00,0,0,0,0,N/A,-1,false,542.72,23,29,43,15,0
85bfc215-c24f-4814-aa00-6794f1a7278a,1775890253456,1775890786315,2026-04-11,Saturday,9,morning,Instagram,UNKNOWN,8.88,0,0,0.00,0,0,0,0,N/A,-1,false,61.93,23,29,43,15,0
85bfc215-c24f-4814-aa00-6794f1a7278a,1775886201978,1775886537706,2026-04-11,Saturday,8,morning,Instagram,UNKNOWN,5.60,0,0,0.00,0,0,0,0,N/A,-1,false,4.91,23,29,43,15,0
85bfc215-c24f-4814-aa00-6794f1a7278a,1775885688635,1775885907460,2026-04-11,Saturday,8,morning,Instagram,UNKNOWN,3.65,0,0,0.00,0,0,0,0,N/A,-1,false,1.70,23,29,43,15,0
85bfc215-c24f-4814-aa00-6794f1a7278a,1775885487863,1775885586795,2026-04-11,Saturday,8,morning,Instagram,UNKNOWN,1.65,0,0,0.00,0,0,0,0,N/A,-1,false,59.55,23,29,43,15,0
85bfc215-c24f-4814-aa00-6794f1a7278a,1775881147459,1775881914620,2026-04-11,Saturday,7,morning,Instagram,UNKNOWN,12.79,0,0,0.00,0,0,0,0,N/A,-1,false,1495.81,23,29,43,15,0
85bfc215-c24f-4814-aa00-6794f1a7278a,1775790580303,1775791398820,2026-04-10,Friday,6,morning,Instagram,UNKNOWN,13.64,0,0,0.00,0,0,0,0,N/A,-1,false,553.55,10,25,3,5,0
85bfc215-c24f-4814-aa00-6794f1a7278a,1775756799223,1775757367145,2026-04-09,Thursday,20,evening,Instagram,UNKNOWN,9.47,0,0,0.00,0,0,0,0,N/A,-1,false,7.20,27,18,56,29,0
85bfc215-c24f-4814-aa00-6794f1a7278a,1775755942802,1775756366937,2026-04-09,Thursday,20,evening,Instagram,UNKNOWN,7.07,0,0,0.00,0,0,0,0,N/A,-1,false,4.14,27,18,56,29,0
85bfc215-c24f-4814-aa00-6794f1a7278a,1775755632130,1775755694516,2026-04-09,Thursday,20,evening,Instagram,UNKNOWN,1.04,0,0,0.00,0,0,0,0,N/A,-1,false,0.00,27,18,56,29,0
85bfc215-c24f-4814-aa00-6794f1a7278a,1775755585106,1775755632122,2026-04-09,Thursday,20,evening,Instagram,UNKNOWN,0.78,0,0,0.00,0,0,0,0,N/A,-1,false,0.00,27,18,56,29,0
85bfc215-c24f-4814-aa00-6794f1a7278a,1775755515931,1775755585098,2026-04-09,Thursday,20,evening,Instagram,UNKNOWN,1.15,0,0,0.00,0,0,0,0,N/A,-1,false,0.05,27,18,56,29,0
85bfc215-c24f-4814-aa00-6794f1a7278a,1775755462626,1775755512907,2026-04-09,Thursday,20,evening,Instagram,UNKNOWN,0.84,0,0,0.00,0,0,0,0,N/A,-1,false,84.54,27,18,56,29,0
85bfc215-c24f-4814-aa00-6794f1a7278a,1775750324299,1775750390440,2026-04-09,Thursday,18,evening,Instagram,UNKNOWN,1.10,0,0,0.00,0,0,0,0,N/A,-1,false,0.72,27,18,56,29,0
85bfc215-c24f-4814-aa00-6794f1a7278a,1775750246004,1775750280812,2026-04-09,Thursday,18,evening,Instagram,UNKNOWN,0.58,0,0,0.00,0,0,0,0,N/A,-1,false,0.03,27,18,56,29,0
85bfc215-c24f-4814-aa00-6794f1a7278a,1775750177031,1775750244431,2026-04-09,Thursday,18,evening,Instagram,UNKNOWN,1.12,0,0,0.00,0,0,0,0,N/A,-1,false,597.21,27,18,56,29,0
85bfc215-c24f-4814-aa00-6794f1a7278a,1775714023406,1775714344446,2026-04-09,Thursday,8,morning,Instagram,UNKNOWN,5.35,0,0,0.00,0,0,0,0,N/A,-1,false,NA,27,18,56,29,0