user_id,date,day_of_week,app_label,detected_format,duration_minutes,scroll_count,tap_count,scroll_speed_estimate,session_hour,time_of_day,is_passive_session,is_autoplay_session,day_asi_score,day_asi_level,day_intensity_score,day_fragmentation_score,day_compulsion_score,day_disruption_score
71a74ae3-0a1b-4739-89b1-7edaae54d472,2026-04-23,Thursday,Instagram,REELS,0.57,0,0,0.00,22,night,0,0,58,MODERATE,68,78,53,22
71a74ae3-0a1b-4739-89b1-7edaae54d472,2026-04-23,Thursday,Instagram,REELS,0.71,0,0,0.00,21,evening,0,0,58,MODERATE,68,78,53,22
71a74ae3-0a1b-4739-89b1-7edaae54d472,2026-04-23,Thursday,Instagram,LONG_FORM,13.10,0,0,0.00,20,evening,1,1,58,MODERATE,68,78,53,22
71a74ae3-0a1b-4739-89b1-7edaae54d472,2026-04-23,Thursday,Instagram,REELS,3.76,0,0,0.00,20,evening,0,0,58,MODERATE,68,78,53,22
71a74ae3-0a1b-4739-89b1-7edaae54d472,2026-04-23,Thursday,Instagram,REELS,1.33,0,0,0.00,20,evening,0,0,58,MODERATE,68,78,53,22
71a74ae3-0a1b-4739-89b1-7edaae54d472,2026-04-23,Thursday,Instagram,LONG_FORM,10.26,0,0,0.00,18,evening,1,1,58,MODERATE,68,78,53,22
71a74ae3-0a1b-4739-89b1-7edaae54d472,2026-04-23,Thursday,TikTok,STANDARD,9.98,0,0,0.00,18,evening,1,1,58,MODERATE,68,78,53,22
71a74ae3-0a1b-4739-89b1-7edaae54d472,2026-04-23,Thursday,TikTok,STANDARD,0.57,0,0,0.00,18,evening,0,0,58,MODERATE,68,78,53,22
71a74ae3-0a1b-4739-89b1-7edaae54d472,2026-04-23,Thursday,TikTok,STANDARD,3.57,0,0,0.00,18,evening,0,0,58,MODERATE,68,78,53,22
71a74ae3-0a1b-4739-89b1-7edaae54d472,2026-04-23,Thursday,TikTok,STANDARD,2.52,0,0,0.00,18,evening,0,0,58,MODERATE,68,78,53,22
71a74ae3-0a1b-4739-89b1-7edaae54d472,2026-04-23,Thursday,Instagram,LONG_FORM,17.34,0,0,0.00,18,evening,1,1,58,MODERATE,68,78,53,22
71a74ae3-0a1b-4739-89b1-7edaae54d472,2026-04-23,Thursday,Instagram,REELS,1.03,0,0,0.00,18,evening,0,0,58,MODERATE,68,78,53,22
71a74ae3-0a1b-4739-89b1-7edaae54d472,2026-04-23,Thursday,Instagram,REELS,3.43,0,0,0.00,17,evening,0,0,58,MODERATE,68,78,53,22
71a74ae3-0a1b-4739-89b1-7edaae54d472,2026-04-23,Thursday,Instagram,REELS,0.99,0,0,0.00,17,evening,0,0,58,MODERATE,68,78,53,22
71a74ae3-0a1b-4739-89b1-7edaae54d472,2026-04-23,Thursday,Instagram,REELS,3.78,0,0,0.00,17,evening,0,0,58,MODERATE,68,78,53,22
71a74ae3-0a1b-4739-89b1-7edaae54d472,2026-04-23,Thursday,Instagram,LONG_FORM,14.45,0,0,0.00,16,afternoon,1,1,58,MODERATE,68,78,53,22
71a74ae3-0a1b-4739-89b1-7edaae54d472,2026-04-23,Thursday,Instagram,REELS,2.80,0,0,0.00,16,afternoon,0,0,58,MODERATE,68,78,53,22
71a74ae3-0a1b-4739-89b1-7edaae54d472,2026-04-23,Thursday,Instagram,REELS,8.78,0,0,0.00,16,afternoon,1,1,58,MODERATE,68,78,53,22
71a74ae3-0a1b-4739-89b1-7edaae54d472,2026-04-23,Thursday,Instagram,LONG_FORM,16.49,0,0,0.00,16,afternoon,1,1,58,MODERATE,68,78,53,22
71a74ae3-0a1b-4739-89b1-7edaae54d472,2026-04-23,Thursday,Instagram,REELS,0.94,0,0,0.00,14,afternoon,0,0,58,MODERATE,68,78,53,22
71a74ae3-0a1b-4739-89b1-7edaae54d472,2026-04-23,Thursday,Instagram,REELS,0.74,0,0,0.00,14,afternoon,0,0,58,MODERATE,68,78,53,22
71a74ae3-0a1b-4739-89b1-7edaae54d472,2026-04-23,Thursday,Instagram,REELS,1.13,0,0,0.00,13,afternoon,0,0,58,MODERATE,68,78,53,22
71a74ae3-0a1b-4739-89b1-7edaae54d472,2026-04-23,Thursday,Instagram,REELS,1.73,0,0,0.00,13,afternoon,0,0,58,MODERATE,68,78,53,22
71a74ae3-0a1b-4739-89b1-7edaae54d472,2026-04-23,Thursday,Instagram,LONG_FORM,18.45,0,0,0.00,13,afternoon,1,1,58,MODERATE,68,78,53,22
71a74ae3-0a1b-4739-89b1-7edaae54d472,2026-04-23,Thursday,Instagram,LONG_FORM,16.21,0,0,0.00,13,afternoon,1,1,58,MODERATE,68,78,53,22
71a74ae3-0a1b-4739-89b1-7edaae54d472,2026-04-23,Thursday,Instagram,REELS,5.09,0,0,0.00,12,afternoon,1,1,58,MODERATE,68,78,53,22
71a74ae3-0a1b-4739-89b1-7edaae54d472,2026-04-23,Thursday,TikTok,STANDARD,5.89,0,0,0.00,12,afternoon,1,1,58,MODERATE,68,78,53,22
71a74ae3-0a1b-4739-89b1-7edaae54d472,2026-04-23,Thursday,Instagram,REELS,2.18,0,0,0.00,12,afternoon,0,0,58,MODERATE,68,78,53,22
71a74ae3-0a1b-4739-89b1-7edaae54d472,2026-04-23,Thursday,Instagram,REELS,0.97,0,0,0.00,12,afternoon,0,0,58,MODERATE,68,78,53,22
71a74ae3-0a1b-4739-89b1-7edaae54d472,2026-04-23,Thursday,Instagram,REELS,1.49,0,0,0.00,12,afternoon,0,0,58,MODERATE,68,78,53,22
71a74ae3-0a1b-4739-89b1-7edaae54d472,2026-04-23,Thursday,Instagram,REELS,0.91,0,0,0.00,12,afternoon,0,0,58,MODERATE,68,78,53,22
71a74ae3-0a1b-4739-89b1-7edaae54d472,2026-04-23,Thursday,Snapchat,STANDARD,0.62,0,0,0.00,12,afternoon,0,0,58,MODERATE,68,78,53,22
71a74ae3-0a1b-4739-89b1-7edaae54d472,2026-04-23,Thursday,Instagram,REELS,6.54,0,0,0.00,12,afternoon,1,1,58,MODERATE,68,78,53,22
71a74ae3-0a1b-4739-89b1-7edaae54d472,2026-04-23,Thursday,Instagram,REELS,0.67,0,0,0.00,12,afternoon,0,0,58,MODERATE,68,78,53,22
71a74ae3-0a1b-4739-89b1-7edaae54d472,2026-04-23,Thursday,Instagram,REELS,0.56,0,0,0.00,12,afternoon,0,0,58,MODERATE,68,78,53,22
71a74ae3-0a1b-4739-89b1-7edaae54d472,2026-04-23,Thursday,Instagram,REELS,3.14,0,0,0.00,11,morning,0,0,58,MODERATE,68,78,53,22
71a74ae3-0a1b-4739-89b1-7edaae54d472,2026-04-23,Thursday,Instagram,REELS,0.64,0,0,0.00,11,morning,0,0,58,MODERATE,68,78,53,22
71a74ae3-0a1b-4739-89b1-7edaae54d472,2026-04-23,Thursday,Instagram,REELS,0.89,0,0,0.00,11,morning,0,0,58,MODERATE,68,78,53,22
71a74ae3-0a1b-4739-89b1-7edaae54d472,2026-04-23,Thursday,Snapchat,STANDARD,0.54,0,0,0.00,11,morning,0,0,58,MODERATE,68,78,53,22
71a74ae3-0a1b-4739-89b1-7edaae54d472,2026-04-23,Thursday,Instagram,REELS,9.74,0,0,0.00,11,morning,1,1,58,MODERATE,68,78,53,22
71a74ae3-0a1b-4739-89b1-7edaae54d472,2026-04-23,Thursday,Snapchat,STANDARD,1.89,0,0,0.00,11,morning,0,0,58,MODERATE,68,78,53,22
71a74ae3-0a1b-4739-89b1-7edaae54d472,2026-04-23,Thursday,Instagram,REELS,2.12,0,0,0.00,11,morning,0,0,58,MODERATE,68,78,53,22
71a74ae3-0a1b-4739-89b1-7edaae54d472,2026-04-23,Thursday,Instagram,REELS,2.17,0,0,0.00,10,morning,0,0,58,MODERATE,68,78,53,22
71a74ae3-0a1b-4739-89b1-7edaae54d472,2026-04-23,Thursday,Instagram,REELS,8.74,0,0,0.00,10,morning,1,1,58,MODERATE,68,78,53,22
71a74ae3-0a1b-4739-89b1-7edaae54d472,2026-04-23,Thursday,Instagram,LONG_FORM,50.81,0,0,0.00,9,morning,1,1,58,MODERATE,68,78,53,22
71a74ae3-0a1b-4739-89b1-7edaae54d472,2026-04-23,Thursday,Instagram,LONG_FORM,12.76,0,0,0.00,1,night,1,1,58,MODERATE,68,78,53,22
71a74ae3-0a1b-4739-89b1-7edaae54d472,2026-04-23,Thursday,Instagram,LONG_FORM,15.20,0,0,0.00,1,night,1,1,58,MODERATE,68,78,53,22
71a74ae3-0a1b-4739-89b1-7edaae54d472,2026-04-23,Thursday,Instagram,REELS,0.60,0,0,0.00,1,night,0,0,58,MODERATE,68,78,53,22
71a74ae3-0a1b-4739-89b1-7edaae54d472,2026-04-23,Thursday,Instagram,LONG_FORM,27.61,0,0,0.00,0,night,1,1,58,MODERATE,68,78,53,22
71a74ae3-0a1b-4739-89b1-7edaae54d472,2026-04-23,Thursday,Instagram,REELS,6.92,0,0,0.00,0,night,1,1,58,MODERATE,68,78,53,22
71a74ae3-0a1b-4739-89b1-7edaae54d472,2026-04-23,Thursday,Instagram,REELS,0.70,0,0,0.00,0,night,0,0,58,MODERATE,68,78,53,22
71a74ae3-0a1b-4739-89b1-7edaae54d472,2026-04-23,Thursday,Instagram,REELS,2.45,0,0,0.00,0,night,0,0,58,MODERATE,68,78,53,22
71a74ae3-0a1b-4739-89b1-7edaae54d472,2026-04-23,Thursday,Instagram,REELS,5.78,0,0,0.00,0,night,1,1,58,MODERATE,68,78,53,22
71a74ae3-0a1b-4739-89b1-7edaae54d472,2026-04-23,Thursday,Instagram,REELS,2.26,0,0,0.00,0,night,0,0,58,MODERATE,68,78,53,22
71a74ae3-0a1b-4739-89b1-7edaae54d472,2026-04-22,Wednesday,Snapchat,STANDARD,0.50,0,0,0.00,22,night,0,0,57,MODERATE,62,78,59,19
71a74ae3-0a1b-4739-89b1-7edaae54d472,2026-04-22,Wednesday,Instagram,REELS,0.55,0,0,0.00,22,night,0,0,57,MODERATE,62,78,59,19
71a74ae3-0a1b-4739-89b1-7edaae54d472,2026-04-22,Wednesday,Instagram,REELS,0.71,0,0,0.00,22,night,0,0,57,MODERATE,62,78,59,19
71a74ae3-0a1b-4739-89b1-7edaae54d472,2026-04-22,Wednesday,Snapchat,STANDARD,1.01,0,0,0.00,22,night,0,0,57,MODERATE,62,78,59,19
71a74ae3-0a1b-4739-89b1-7edaae54d472,2026-04-22,Wednesday,Instagram,REELS,2.79,0,0,0.00,22,night,0,0,57,MODERATE,62,78,59,19
71a74ae3-0a1b-4739-89b1-7edaae54d472,2026-04-22,Wednesday,Instagram,REELS,4.09,0,0,0.00,22,night,0,0,57,MODERATE,62,78,59,19
71a74ae3-0a1b-4739-89b1-7edaae54d472,2026-04-22,Wednesday,Instagram,REELS,5.94,0,0,0.00,21,evening,1,1,57,MODERATE,62,78,59,19
71a74ae3-0a1b-4739-89b1-7edaae54d472,2026-04-22,Wednesday,Instagram,LONG_FORM,12.76,0,0,0.00,21,evening,1,1,57,MODERATE,62,78,59,19
71a74ae3-0a1b-4739-89b1-7edaae54d472,2026-04-22,Wednesday,Instagram,REELS,6.25,0,0,0.00,21,evening,1,1,57,MODERATE,62,78,59,19
71a74ae3-0a1b-4739-89b1-7edaae54d472,2026-04-22,Wednesday,Instagram,REELS,1.09,0,0,0.00,21,evening,0,0,57,MODERATE,62,78,59,19
71a74ae3-0a1b-4739-89b1-7edaae54d472,2026-04-22,Wednesday,Instagram,LONG_FORM,13.50,0,0,0.00,20,evening,1,1,57,MODERATE,62,78,59,19
71a74ae3-0a1b-4739-89b1-7edaae54d472,2026-04-22,Wednesday,Instagram,REELS,0.61,0,0,0.00,20,evening,0,0,57,MODERATE,62,78,59,19
71a74ae3-0a1b-4739-89b1-7edaae54d472,2026-04-22,Wednesday,Instagram,REELS,5.12,0,0,0.00,20,evening,1,1,57,MODERATE,62,78,59,19
71a74ae3-0a1b-4739-89b1-7edaae54d472,2026-04-22,Wednesday,Instagram,REELS,7.75,0,0,0.00,20,evening,1,1,57,MODERATE,62,78,59,19
71a74ae3-0a1b-4739-89b1-7edaae54d472,2026-04-22,Wednesday,Instagram,REELS,1.95,0,0,0.00,20,evening,0,0,57,MODERATE,62,78,59,19
71a74ae3-0a1b-4739-89b1-7edaae54d472,2026-04-22,Wednesday,Instagram,REELS,1.25,0,0,0.00,20,evening,0,0,57,MODERATE,62,78,59,19
71a74ae3-0a1b-4739-89b1-7edaae54d472,2026-04-22,Wednesday,Instagram,REELS,5.49,0,0,0.00,20,evening,1,1,57,MODERATE,62,78,59,19
71a74ae3-0a1b-4739-89b1-7edaae54d472,2026-04-22,Wednesday,Instagram,REELS,9.55,0,0,0.00,20,evening,1,1,57,MODERATE,62,78,59,19
71a74ae3-0a1b-4739-89b1-7edaae54d472,2026-04-22,Wednesday,Instagram,REELS,5.65,0,0,0.00,20,evening,1,1,57,MODERATE,62,78,59,19
71a74ae3-0a1b-4739-89b1-7edaae54d472,2026-04-22,Wednesday,Instagram,REELS,1.01,0,0,0.00,19,evening,0,0,57,MODERATE,62,78,59,19
71a74ae3-0a1b-4739-89b1-7edaae54d472,2026-04-22,Wednesday,Instagram,REELS,2.15,0,0,0.00,19,evening,0,0,57,MODERATE,62,78,59,19
71a74ae3-0a1b-4739-89b1-7edaae54d472,2026-04-22,Wednesday,TikTok,STANDARD,1.69,0,0,0.00,19,evening,0,0,57,MODERATE,62,78,59,19
71a74ae3-0a1b-4739-89b1-7edaae54d472,2026-04-22,Wednesday,TikTok,STANDARD,0.53,0,0,0.00,19,evening,0,0,57,MODERATE,62,78,59,19
71a74ae3-0a1b-4739-89b1-7edaae54d472,2026-04-22,Wednesday,Instagram,REELS,0.52,0,0,0.00,19,evening,0,0,57,MODERATE,62,78,59,19
71a74ae3-0a1b-4739-89b1-7edaae54d472,2026-04-22,Wednesday,Instagram,REELS,1.09,0,0,0.00,19,evening,0,0,57,MODERATE,62,78,59,19
71a74ae3-0a1b-4739-89b1-7edaae54d472,2026-04-22,Wednesday,Instagram,LONG_FORM,12.47,0,0,0.00,19,evening,1,1,57,MODERATE,62,78,59,19
71a74ae3-0a1b-4739-89b1-7edaae54d472,2026-04-22,Wednesday,Instagram,REELS,0.86,0,0,0.00,18,evening,0,0,57,MODERATE,62,78,59,19
71a74ae3-0a1b-4739-89b1-7edaae54d472,2026-04-22,Wednesday,Instagram,REELS,8.63,0,0,0.00,18,evening,1,1,57,MODERATE,62,78,59,19
71a74ae3-0a1b-4739-89b1-7edaae54d472,2026-04-22,Wednesday,Instagram,REELS,2.02,0,0,0.00,17,evening,0,0,57,MODERATE,62,78,59,19
71a74ae3-0a1b-4739-89b1-7edaae54d472,2026-04-22,Wednesday,TikTok,STANDARD,1.11,0,0,0.00,16,afternoon,0,0,57,MODERATE,62,78,59,19
71a74ae3-0a1b-4739-89b1-7edaae54d472,2026-04-22,Wednesday,TikTok,STANDARD,1.01,0,0,0.00,16,afternoon,0,0,57,MODERATE,62,78,59,19
71a74ae3-0a1b-4739-89b1-7edaae54d472,2026-04-22,Wednesday,TikTok,STANDARD,2.48,0,0,0.00,16,afternoon,0,0,57,MODERATE,62,78,59,19
71a74ae3-0a1b-4739-89b1-7edaae54d472,2026-04-22,Wednesday,Instagram,REELS,1.67,0,0,0.00,16,afternoon,0,0,57,MODERATE,62,78,59,19
71a74ae3-0a1b-4739-89b1-7edaae54d472,2026-04-22,Wednesday,Instagram,REELS,1.96,0,0,0.00,16,afternoon,0,0,57,MODERATE,62,78,59,19
71a74ae3-0a1b-4739-89b1-7edaae54d472,2026-04-22,Wednesday,Instagram,REELS,1.57,0,0,0.00,16,afternoon,0,0,57,MODERATE,62,78,59,19
71a74ae3-0a1b-4739-89b1-7edaae54d472,2026-04-22,Wednesday,Instagram,REELS,0.78,0,0,0.00,15,afternoon,0,0,57,MODERATE,62,78,59,19
71a74ae3-0a1b-4739-89b1-7edaae54d472,2026-04-22,Wednesday,Instagram,REELS,4.41,0,0,0.00,14,afternoon,0,0,57,MODERATE,62,78,59,19
71a74ae3-0a1b-4739-89b1-7edaae54d472,2026-04-22,Wednesday,Instagram,REELS,3.55,0,0,0.00,14,afternoon,0,0,57,MODERATE,62,78,59,19
71a74ae3-0a1b-4739-89b1-7edaae54d472,2026-04-22,Wednesday,Instagram,REELS,4.64,0,0,0.00,14,afternoon,0,0,57,MODERATE,62,78,59,19
71a74ae3-0a1b-4739-89b1-7edaae54d472,2026-04-22,Wednesday,Instagram,LONG_FORM,12.51,0,0,0.00,14,afternoon,1,1,57,MODERATE,62,78,59,19
71a74ae3-0a1b-4739-89b1-7edaae54d472,2026-04-22,Wednesday,Snapchat,STANDARD,1.04,0,0,0.00,14,afternoon,0,0,57,MODERATE,62,78,59,19
71a74ae3-0a1b-4739-89b1-7edaae54d472,2026-04-22,Wednesday,Instagram,REELS,1.52,0,0,0.00,13,afternoon,0,0,57,MODERATE,62,78,59,19
71a74ae3-0a1b-4739-89b1-7edaae54d472,2026-04-22,Wednesday,Instagram,REELS,1.35,0,0,0.00,13,afternoon,0,0,57,MODERATE,62,78,59,19
71a74ae3-0a1b-4739-89b1-7edaae54d472,2026-04-22,Wednesday,Instagram,REELS,0.56,0,0,0.00,13,afternoon,0,0,57,MODERATE,62,78,59,19
71a74ae3-0a1b-4739-89b1-7edaae54d472,2026-04-22,Wednesday,Instagram,REELS,0.84,0,0,0.00,13,afternoon,0,0,57,MODERATE,62,78,59,19
71a74ae3-0a1b-4739-89b1-7edaae54d472,2026-04-22,Wednesday,Instagram,REELS,0.76,0,0,0.00,13,afternoon,0,0,57,MODERATE,62,78,59,19
71a74ae3-0a1b-4739-89b1-7edaae54d472,2026-04-22,Wednesday,Instagram,REELS,1.65,0,0,0.00,13,afternoon,0,0,57,MODERATE,62,78,59,19
71a74ae3-0a1b-4739-89b1-7edaae54d472,2026-04-22,Wednesday,Instagram,LONG_FORM,44.18,0,0,0.00,12,afternoon,1,1,57,MODERATE,62,78,59,19
71a74ae3-0a1b-4739-89b1-7edaae54d472,2026-04-22,Wednesday,Instagram,REELS,2.23,0,0,0.00,12,afternoon,0,0,57,MODERATE,62,78,59,19
71a74ae3-0a1b-4739-89b1-7edaae54d472,2026-04-22,Wednesday,Instagram,REELS,6.48,0,0,0.00,12,afternoon,1,1,57,MODERATE,62,78,59,19
71a74ae3-0a1b-4739-89b1-7edaae54d472,2026-04-22,Wednesday,Instagram,REELS,1.01,0,0,0.00,12,afternoon,0,0,57,MODERATE,62,78,59,19
71a74ae3-0a1b-4739-89b1-7edaae54d472,2026-04-22,Wednesday,Snapchat,STANDARD,0.64,0,0,0.00,11,morning,0,0,57,MODERATE,62,78,59,19
71a74ae3-0a1b-4739-89b1-7edaae54d472,2026-04-22,Wednesday,Snapchat,STANDARD,2.84,0,0,0.00,11,morning,0,0,57,MODERATE,62,78,59,19
71a74ae3-0a1b-4739-89b1-7edaae54d472,2026-04-22,Wednesday,Snapchat,STANDARD,0.75,0,0,0.00,11,morning,0,0,57,MODERATE,62,78,59,19
71a74ae3-0a1b-4739-89b1-7edaae54d472,2026-04-22,Wednesday,Instagram,LONG_FORM,22.89,0,0,0.00,10,morning,1,1,57,MODERATE,62,78,59,19
71a74ae3-0a1b-4739-89b1-7edaae54d472,2026-04-22,Wednesday,Instagram,REELS,1.96,0,0,0.00,10,morning,0,0,57,MODERATE,62,78,59,19
71a74ae3-0a1b-4739-89b1-7edaae54d472,2026-04-22,Wednesday,Instagram,REELS,9.49,0,0,0.00,10,morning,1,1,57,MODERATE,62,78,59,19
71a74ae3-0a1b-4739-89b1-7edaae54d472,2026-04-22,Wednesday,Instagram,REELS,1.48,0,0,0.00,10,morning,0,0,57,MODERATE,62,78,59,19
71a74ae3-0a1b-4739-89b1-7edaae54d472,2026-04-22,Wednesday,Instagram,REELS,1.99,0,0,0.00,10,morning,0,0,57,MODERATE,62,78,59,19
71a74ae3-0a1b-4739-89b1-7edaae54d472,2026-04-22,Wednesday,Snapchat,STANDARD,0.51,0,0,0.00,2,night,0,0,57,MODERATE,62,78,59,19
71a74ae3-0a1b-4739-89b1-7edaae54d472,2026-04-22,Wednesday,Snapchat,STANDARD,1.67,0,0,0.00,2,night,0,0,57,MODERATE,62,78,59,19
71a74ae3-0a1b-4739-89b1-7edaae54d472,2026-04-21,Tuesday,Snapchat,STANDARD,0.73,0,0,0.00,23,night,0,0,64,HIGH,67,82,66,37
71a74ae3-0a1b-4739-89b1-7edaae54d472,2026-04-21,Tuesday,Snapchat,STANDARD,0.69,0,0,0.00,23,night,0,0,64,HIGH,67,82,66,37
71a74ae3-0a1b-4739-89b1-7edaae54d472,2026-04-21,Tuesday,Snapchat,STANDARD,1.15,0,0,0.00,23,night,0,0,64,HIGH,67,82,66,37
71a74ae3-0a1b-4739-89b1-7edaae54d472,2026-04-21,Tuesday,Snapchat,STANDARD,0.94,0,0,0.00,23,night,0,0,64,HIGH,67,82,66,37
71a74ae3-0a1b-4739-89b1-7edaae54d472,2026-04-21,Tuesday,Instagram,REELS,5.13,0,0,0.00,23,night,1,1,64,HIGH,67,82,66,37
71a74ae3-0a1b-4739-89b1-7edaae54d472,2026-04-21,Tuesday,Instagram,REELS,0.98,0,0,0.00,23,night,0,0,64,HIGH,67,82,66,37
71a74ae3-0a1b-4739-89b1-7edaae54d472,2026-04-21,Tuesday,Instagram,LONG_FORM,11.17,0,0,0.00,22,night,1,1,64,HIGH,67,82,66,37
71a74ae3-0a1b-4739-89b1-7edaae54d472,2026-04-21,Tuesday,Instagram,REELS,4.00,0,0,0.00,22,night,0,0,64,HIGH,67,82,66,37
71a74ae3-0a1b-4739-89b1-7edaae54d472,2026-04-21,Tuesday,Instagram,REELS,1.10,0,0,0.00,22,night,0,0,64,HIGH,67,82,66,37
71a74ae3-0a1b-4739-89b1-7edaae54d472,2026-04-21,Tuesday,Instagram,LONG_FORM,24.57,0,0,0.00,22,night,1,1,64,HIGH,67,82,66,37
71a74ae3-0a1b-4739-89b1-7edaae54d472,2026-04-21,Tuesday,Instagram,REELS,0.57,0,0,0.00,22,night,0,0,64,HIGH,67,82,66,37
71a74ae3-0a1b-4739-89b1-7edaae54d472,2026-04-21,Tuesday,Instagram,REELS,0.97,0,0,0.00,21,evening,0,0,64,HIGH,67,82,66,37
71a74ae3-0a1b-4739-89b1-7edaae54d472,2026-04-21,Tuesday,Snapchat,STANDARD,0.94,0,0,0.00,21,evening,0,0,64,HIGH,67,82,66,37
71a74ae3-0a1b-4739-89b1-7edaae54d472,2026-04-21,Tuesday,Instagram,REELS,1.43,0,0,0.00,21,evening,0,0,64,HIGH,67,82,66,37
71a74ae3-0a1b-4739-89b1-7edaae54d472,2026-04-21,Tuesday,Snapchat,STANDARD,0.98,0,0,0.00,21,evening,0,0,64,HIGH,67,82,66,37
71a74ae3-0a1b-4739-89b1-7edaae54d472,2026-04-21,Tuesday,Snapchat,STANDARD,1.13,0,0,0.00,21,evening,0,0,64,HIGH,67,82,66,37
71a74ae3-0a1b-4739-89b1-7edaae54d472,2026-04-21,Tuesday,Snapchat,STANDARD,2.35,0,0,0.00,21,evening,0,0,64,HIGH,67,82,66,37
71a74ae3-0a1b-4739-89b1-7edaae54d472,2026-04-21,Tuesday,Snapchat,STANDARD,0.86,0,0,0.00,21,evening,0,0,64,HIGH,67,82,66,37
71a74ae3-0a1b-4739-89b1-7edaae54d472,2026-04-21,Tuesday,Snapchat,STANDARD,5.35,0,0,0.00,21,evening,1,1,64,HIGH,67,82,66,37
71a74ae3-0a1b-4739-89b1-7edaae54d472,2026-04-21,Tuesday,Snapchat,STANDARD,0.51,0,0,0.00,21,evening,0,0,64,HIGH,67,82,66,37
71a74ae3-0a1b-4739-89b1-7edaae54d472,2026-04-21,Tuesday,Instagram,REELS,0.70,0,0,0.00,21,evening,0,0,64,HIGH,67,82,66,37
71a74ae3-0a1b-4739-89b1-7edaae54d472,2026-04-21,Tuesday,Instagram,REELS,0.62,0,0,0.00,21,evening,0,0,64,HIGH,67,82,66,37
,2026-04-21,Tuesday,Instagram,UNKNOWN,0.67,0,0,0.00,21,evening,0,0,64,HIGH,67,82,66,37
,2026-04-21,Tuesday,Snapchat,UNKNOWN,0.58,0,0,0.00,21,evening,0,0,64,HIGH,67,82,66,37
,2026-04-21,Tuesday,Snapchat,UNKNOWN,2.83,0,0,0.00,21,evening,0,0,64,HIGH,67,82,66,37
,2026-04-21,Tuesday,Instagram,UNKNOWN,1.09,0,0,0.00,21,evening,0,0,64,HIGH,67,82,66,37
,2026-04-21,Tuesday,Instagram,UNKNOWN,1.33,0,0,0.00,21,evening,0,0,64,HIGH,67,82,66,37
,2026-04-21,Tuesday,Snapchat,UNKNOWN,0.70,0,0,0.00,21,evening,0,0,64,HIGH,67,82,66,37
,2026-04-21,Tuesday,Snapchat,UNKNOWN,1.15,0,0,0.00,21,evening,0,0,64,HIGH,67,82,66,37
,2026-04-21,Tuesday,Instagram,UNKNOWN,2.02,0,0,0.00,21,evening,0,0,64,HIGH,67,82,66,37
,2026-04-21,Tuesday,Instagram,UNKNOWN,0.68,0,0,0.00,21,evening,0,0,64,HIGH,67,82,66,37
,2026-04-21,Tuesday,Instagram,UNKNOWN,22.61,0,0,0.00,20,evening,1,1,64,HIGH,67,82,66,37
,2026-04-21,Tuesday,Instagram,UNKNOWN,1.00,0,0,0.00,20,evening,0,0,64,HIGH,67,82,66,37
,2026-04-21,Tuesday,Instagram,UNKNOWN,2.49,0,0,0.00,20,evening,0,0,64,HIGH,67,82,66,37
,2026-04-21,Tuesday,TikTok,UNKNOWN,0.55,0,0,0.00,20,evening,0,0,64,HIGH,67,82,66,37
,2026-04-21,Tuesday,Instagram,UNKNOWN,0.97,0,0,0.00,20,evening,0,0,64,HIGH,67,82,66,37
,2026-04-21,Tuesday,Instagram,UNKNOWN,0.53,0,0,0.00,20,evening,0,0,64,HIGH,67,82,66,37
,2026-04-21,Tuesday,Instagram,UNKNOWN,0.82,0,0,0.00,20,evening,0,0,64,HIGH,67,82,66,37
,2026-04-21,Tuesday,Instagram,UNKNOWN,0.93,0,0,0.00,20,evening,0,0,64,HIGH,67,82,66,37
,2026-04-21,Tuesday,Instagram,UNKNOWN,6.07,0,0,0.00,20,evening,1,1,64,HIGH,67,82,66,37
,2026-04-21,Tuesday,Instagram,UNKNOWN,2.62,0,0,0.00,20,evening,0,0,64,HIGH,67,82,66,37
,2026-04-21,Tuesday,Snapchat,UNKNOWN,0.52,0,0,0.00,20,evening,0,0,64,HIGH,67,82,66,37
,2026-04-21,Tuesday,Snapchat,UNKNOWN,0.69,0,0,0.00,20,evening,0,0,64,HIGH,67,82,66,37
,2026-04-21,Tuesday,Instagram,UNKNOWN,9.10,0,0,0.00,20,evening,1,1,64,HIGH,67,82,66,37
,2026-04-21,Tuesday,Instagram,UNKNOWN,5.65,0,0,0.00,20,evening,1,1,64,HIGH,67,82,66,37
,2026-04-21,Tuesday,Instagram,UNKNOWN,1.57,0,0,0.00,20,evening,0,0,64,HIGH,67,82,66,37
,2026-04-21,Tuesday,Instagram,UNKNOWN,0.99,0,0,0.00,20,evening,0,0,64,HIGH,67,82,66,37
,2026-04-21,Tuesday,Instagram,UNKNOWN,3.89,0,0,0.00,19,evening,0,0,64,HIGH,67,82,66,37
,2026-04-21,Tuesday,Instagram,UNKNOWN,1.15,0,0,0.00,19,evening,0,0,64,HIGH,67,82,66,37
,2026-04-21,Tuesday,Instagram,UNKNOWN,0.91,0,0,0.00,19,evening,0,0,64,HIGH,67,82,66,37
,2026-04-21,Tuesday,TikTok,UNKNOWN,0.58,0,0,0.00,19,evening,0,0,64,HIGH,67,82,66,37
,2026-04-21,Tuesday,TikTok,UNKNOWN,0.74,0,0,0.00,19,evening,0,0,64,HIGH,67,82,66,37
,2026-04-21,Tuesday,Instagram,UNKNOWN,1.35,0,0,0.00,19,evening,0,0,64,HIGH,67,82,66,37
,2026-04-21,Tuesday,Instagram,UNKNOWN,0.99,0,0,0.00,19,evening,0,0,64,HIGH,67,82,66,37
,2026-04-21,Tuesday,Instagram,UNKNOWN,9.70,0,0,0.00,17,evening,1,1,64,HIGH,67,82,66,37
,2026-04-21,Tuesday,Instagram,UNKNOWN,0.87,0,0,0.00,16,afternoon,0,0,64,HIGH,67,82,66,37
,2026-04-21,Tuesday,Instagram,UNKNOWN,3.16,0,0,0.00,15,afternoon,0,0,64,HIGH,67,82,66,37
,2026-04-21,Tuesday,Instagram,UNKNOWN,0.98,0,0,0.00,15,afternoon,0,0,64,HIGH,67,82,66,37
,2026-04-21,Tuesday,Instagram,UNKNOWN,0.90,0,0,0.00,15,afternoon,0,0,64,HIGH,67,82,66,37
,2026-04-21,Tuesday,Instagram,UNKNOWN,1.03,0,0,0.00,15,afternoon,0,0,64,HIGH,67,82,66,37
,2026-04-21,Tuesday,Instagram,UNKNOWN,4.45,0,0,0.00,14,afternoon,0,0,64,HIGH,67,82,66,37
,2026-04-21,Tuesday,TikTok,UNKNOWN,30.54,0,0,0.00,13,afternoon,1,1,64,HIGH,67,82,66,37
,2026-04-21,Tuesday,Instagram,UNKNOWN,1.22,0,0,0.00,13,afternoon,0,0,64,HIGH,67,82,66,37
,2026-04-21,Tuesday,Instagram,UNKNOWN,1.13,0,0,0.00,13,afternoon,0,0,64,HIGH,67,82,66,37
,2026-04-21,Tuesday,Instagram,UNKNOWN,3.21,0,0,0.00,13,afternoon,0,0,64,HIGH,67,82,66,37
,2026-04-21,Tuesday,TikTok,UNKNOWN,9.95,0,0,0.00,12,afternoon,1,1,64,HIGH,67,82,66,37
,2026-04-21,Tuesday,TikTok,UNKNOWN,23.82,0,0,0.00,12,afternoon,1,1,64,HIGH,67,82,66,37
,2026-04-21,Tuesday,TikTok,UNKNOWN,21.81,0,0,0.00,11,morning,1,1,64,HIGH,67,82,66,37
,2026-04-21,Tuesday,Instagram,UNKNOWN,2.23,0,0,0.00,11,morning,0,0,64,HIGH,67,82,66,37
,2026-04-21,Tuesday,TikTok,UNKNOWN,15.15,0,0,0.00,10,morning,1,1,64,HIGH,67,82,66,37
,2026-04-21,Tuesday,TikTok,UNKNOWN,1.12,0,0,0.00,10,morning,0,0,64,HIGH,67,82,66,37
,2026-04-21,Tuesday,TikTok,UNKNOWN,1.22,0,0,0.00,10,morning,0,0,64,HIGH,67,82,66,37
,2026-04-21,Tuesday,TikTok,UNKNOWN,3.85,0,0,0.00,10,morning,0,0,64,HIGH,67,82,66,37
,2026-04-21,Tuesday,Instagram,UNKNOWN,2.00,0,0,0.00,10,morning,0,0,64,HIGH,67,82,66,37
,2026-04-21,Tuesday,Instagram,UNKNOWN,2.64,0,0,0.00,10,morning,0,0,64,HIGH,67,82,66,37
,2026-04-21,Tuesday,Instagram,UNKNOWN,1.47,0,0,0.00,10,morning,0,0,64,HIGH,67,82,66,37
,2026-04-21,Tuesday,TikTok,UNKNOWN,2.28,0,0,0.00,10,morning,0,0,64,HIGH,67,82,66,37
,2026-04-21,Tuesday,Instagram,UNKNOWN,50.04,0,0,0.00,9,morning,1,1,64,HIGH,67,82,66,37
,2026-04-21,Tuesday,Snapchat,UNKNOWN,1.77,0,0,0.00,9,morning,0,0,64,HIGH,67,82,66,37
,2026-04-21,Tuesday,Snapchat,UNKNOWN,1.22,0,0,0.00,9,morning,0,0,64,HIGH,67,82,66,37
,2026-04-21,Tuesday,TikTok,UNKNOWN,9.81,0,0,0.00,1,night,1,1,64,HIGH,67,82,66,37
,2026-04-21,Tuesday,TikTok,UNKNOWN,2.78,0,0,0.00,1,night,0,0,64,HIGH,67,82,66,37
,2026-04-21,Tuesday,Instagram,UNKNOWN,1.45,0,0,0.00,1,night,0,0,64,HIGH,67,82,66,37
,2026-04-21,Tuesday,Instagram,UNKNOWN,0.80,0,0,0.00,1,night,0,0,64,HIGH,67,82,66,37
,2026-04-21,Tuesday,TikTok,UNKNOWN,1.04,0,0,0.00,0,night,0,0,64,HIGH,67,82,66,37
,2026-04-21,Tuesday,Instagram,UNKNOWN,0.79,0,0,0.00,0,night,0,0,64,HIGH,67,82,66,37
,2026-04-21,Tuesday,TikTok,UNKNOWN,1.30,0,0,0.00,0,night,0,0,64,HIGH,67,82,66,37
,2026-04-21,Tuesday,TikTok,UNKNOWN,3.28,0,0,0.00,0,night,0,0,64,HIGH,67,82,66,37
,2026-04-21,Tuesday,Instagram,UNKNOWN,14.06,0,0,0.00,0,night,1,1,64,HIGH,67,82,66,37
,2026-04-21,Tuesday,Instagram,UNKNOWN,0.79,0,0,0.00,0,night,0,0,64,HIGH,67,82,66,37
,2026-04-21,Tuesday,Instagram,UNKNOWN,0.53,0,0,0.00,0,night,0,0,64,HIGH,67,82,66,37
,2026-04-21,Tuesday,Instagram,UNKNOWN,1.24,0,0,0.00,0,night,0,0,64,HIGH,67,82,66,37
,2026-04-21,Tuesday,Instagram,UNKNOWN,2.35,0,0,0.00,0,night,0,0,64,HIGH,67,82,66,37
,2026-04-21,Tuesday,Instagram,UNKNOWN,1.33,0,0,0.00,0,night,0,0,64,HIGH,67,82,66,37
,2026-04-21,Tuesday,Instagram,UNKNOWN,1.04,0,0,0.00,0,night,0,0,64,HIGH,67,82,66,37
,2026-04-21,Tuesday,Instagram,UNKNOWN,2.60,0,0,0.00,0,night,0,0,64,HIGH,67,82,66,37
,2026-04-21,Tuesday,Instagram,UNKNOWN,0.61,0,0,0.00,0,night,0,0,64,HIGH,67,82,66,37
,2026-04-20,Monday,TikTok,UNKNOWN,7.80,0,0,0.00,23,night,1,1,61,HIGH,63,80,68,27
,2026-04-20,Monday,Instagram,UNKNOWN,1.12,0,0,0.00,23,night,0,0,61,HIGH,63,80,68,27
,2026-04-20,Monday,Instagram,UNKNOWN,0.63,0,0,0.00,23,night,0,0,61,HIGH,63,80,68,27
,2026-04-20,Monday,Instagram,UNKNOWN,4.91,0,0,0.00,23,night,0,0,61,HIGH,63,80,68,27
,2026-04-20,Monday,Instagram,UNKNOWN,0.59,0,0,0.00,23,night,0,0,61,HIGH,63,80,68,27
,2026-04-20,Monday,Instagram,UNKNOWN,1.50,0,0,0.00,23,night,0,0,61,HIGH,63,80,68,27
,2026-04-20,Monday,Snapchat,UNKNOWN,0.63,0,0,0.00,23,night,0,0,61,HIGH,63,80,68,27
,2026-04-20,Monday,TikTok,UNKNOWN,5.63,0,0,0.00,23,night,1,1,61,HIGH,63,80,68,27
,2026-04-20,Monday,Snapchat,UNKNOWN,1.25,0,0,0.00,23,night,0,0,61,HIGH,63,80,68,27
,2026-04-20,Monday,Instagram,UNKNOWN,0.75,0,0,0.00,22,night,0,0,61,HIGH,63,80,68,27
,2026-04-20,Monday,Instagram,UNKNOWN,0.55,0,0,0.00,22,night,0,0,61,HIGH,63,80,68,27
,2026-04-20,Monday,Instagram,UNKNOWN,0.52,0,0,0.00,22,night,0,0,61,HIGH,63,80,68,27
,2026-04-20,Monday,Instagram,UNKNOWN,1.86,0,0,0.00,22,night,0,0,61,HIGH,63,80,68,27
,2026-04-20,Monday,Instagram,UNKNOWN,0.58,0,0,0.00,22,night,0,0,61,HIGH,63,80,68,27
,2026-04-20,Monday,Instagram,UNKNOWN,0.64,0,0,0.00,22,night,0,0,61,HIGH,63,80,68,27
,2026-04-20,Monday,Instagram,UNKNOWN,1.41,0,0,0.00,22,night,0,0,61,HIGH,63,80,68,27
,2026-04-20,Monday,Instagram,UNKNOWN,0.73,0,0,0.00,22,night,0,0,61,HIGH,63,80,68,27
,2026-04-20,Monday,Instagram,UNKNOWN,1.79,0,0,0.00,22,night,0,0,61,HIGH,63,80,68,27
,2026-04-20,Monday,Instagram,UNKNOWN,0.67,0,0,0.00,22,night,0,0,61,HIGH,63,80,68,27
,2026-04-20,Monday,Instagram,UNKNOWN,0.77,0,0,0.00,22,night,0,0,61,HIGH,63,80,68,27
,2026-04-20,Monday,Instagram,UNKNOWN,1.43,0,0,0.00,22,night,0,0,61,HIGH,63,80,68,27
,2026-04-20,Monday,Instagram,UNKNOWN,0.88,0,0,0.00,22,night,0,0,61,HIGH,63,80,68,27
,2026-04-20,Monday,Instagram,UNKNOWN,1.06,0,0,0.00,22,night,0,0,61,HIGH,63,80,68,27
,2026-04-20,Monday,Instagram,UNKNOWN,0.64,0,0,0.00,22,night,0,0,61,HIGH,63,80,68,27
,2026-04-20,Monday,Snapchat,UNKNOWN,0.72,0,0,0.00,22,night,0,0,61,HIGH,63,80,68,27
,2026-04-20,Monday,Instagram,UNKNOWN,0.62,0,0,0.00,22,night,0,0,61,HIGH,63,80,68,27
,2026-04-20,Monday,Instagram,UNKNOWN,2.64,0,0,0.00,21,evening,0,0,61,HIGH,63,80,68,27
,2026-04-20,Monday,Instagram,UNKNOWN,0.88,0,0,0.00,21,evening,0,0,61,HIGH,63,80,68,27
,2026-04-20,Monday,Snapchat,UNKNOWN,2.03,0,0,0.00,21,evening,0,0,61,HIGH,63,80,68,27
,2026-04-20,Monday,Instagram,UNKNOWN,1.21,0,0,0.00,21,evening,0,0,61,HIGH,63,80,68,27
,2026-04-20,Monday,Instagram,UNKNOWN,0.70,0,0,0.00,21,evening,0,0,61,HIGH,63,80,68,27
,2026-04-20,Monday,Instagram,UNKNOWN,3.02,0,0,0.00,21,evening,0,0,61,HIGH,63,80,68,27
,2026-04-20,Monday,Instagram,UNKNOWN,1.11,0,0,0.00,21,evening,0,0,61,HIGH,63,80,68,27
,2026-04-20,Monday,Instagram,UNKNOWN,1.50,0,0,0.00,21,evening,0,0,61,HIGH,63,80,68,27
,2026-04-20,Monday,Snapchat,UNKNOWN,0.83,0,0,0.00,21,evening,0,0,61,HIGH,63,80,68,27
,2026-04-20,Monday,Snapchat,UNKNOWN,0.53,0,0,0.00,21,evening,0,0,61,HIGH,63,80,68,27
,2026-04-20,Monday,Instagram,UNKNOWN,1.14,0,0,0.00,21,evening,0,0,61,HIGH,63,80,68,27
,2026-04-20,Monday,Instagram,UNKNOWN,0.65,0,0,0.00,21,evening,0,0,61,HIGH,63,80,68,27
,2026-04-20,Monday,Instagram,UNKNOWN,0.54,0,0,0.00,21,evening,0,0,61,HIGH,63,80,68,27
,2026-04-20,Monday,Instagram,UNKNOWN,2.19,0,0,0.00,21,evening,0,0,61,HIGH,63,80,68,27
,2026-04-20,Monday,Instagram,UNKNOWN,4.62,0,0,0.00,21,evening,0,0,61,HIGH,63,80,68,27
,2026-04-20,Monday,Instagram,UNKNOWN,2.27,0,0,0.00,21,evening,0,0,61,HIGH,63,80,68,27
,2026-04-20,Monday,Instagram,UNKNOWN,1.93,0,0,0.00,20,evening,0,0,61,HIGH,63,80,68,27
,2026-04-20,Monday,Instagram,UNKNOWN,0.52,0,0,0.00,20,evening,0,0,61,HIGH,63,80,68,27
,2026-04-20,Monday,Instagram,UNKNOWN,5.46,0,0,0.00,20,evening,1,1,61,HIGH,63,80,68,27
,2026-04-20,Monday,Instagram,UNKNOWN,12.44,0,0,0.00,20,evening,1,1,61,HIGH,63,80,68,27
,2026-04-20,Monday,Instagram,UNKNOWN,4.34,0,0,0.00,20,evening,0,0,61,HIGH,63,80,68,27
,2026-04-20,Monday,Instagram,UNKNOWN,0.92,0,0,0.00,20,evening,0,0,61,HIGH,63,80,68,27
,2026-04-20,Monday,Instagram,UNKNOWN,3.58,0,0,0.00,20,evening,0,0,61,HIGH,63,80,68,27
,2026-04-20,Monday,TikTok,UNKNOWN,2.64,0,0,0.00,17,evening,0,0,61,HIGH,63,80,68,27
,2026-04-20,Monday,TikTok,UNKNOWN,2.03,0,0,0.00,17,evening,0,0,61,HIGH,63,80,68,27
,2026-04-20,Monday,Instagram,UNKNOWN,5.08,0,0,0.00,17,evening,1,1,61,HIGH,63,80,68,27
,2026-04-20,Monday,Instagram,UNKNOWN,1.11,0,0,0.00,17,evening,0,0,61,HIGH,63,80,68,27
,2026-04-20,Monday,Instagram,UNKNOWN,0.52,0,0,0.00,17,evening,0,0,61,HIGH,63,80,68,27
,2026-04-20,Monday,Instagram,UNKNOWN,3.35,0,0,0.00,17,evening,0,0,61,HIGH,63,80,68,27
,2026-04-20,Monday,Instagram,UNKNOWN,1.83,0,0,0.00,17,evening,0,0,61,HIGH,63,80,68,27
,2026-04-20,Monday,Instagram,UNKNOWN,1.94,0,0,0.00,16,afternoon,0,0,61,HIGH,63,80,68,27
,2026-04-20,Monday,Instagram,UNKNOWN,10.21,0,0,0.00,16,afternoon,1,1,61,HIGH,63,80,68,27
,2026-04-20,Monday,Instagram,UNKNOWN,3.90,0,0,0.00,16,afternoon,0,0,61,HIGH,63,80,68,27
,2026-04-20,Monday,TikTok,UNKNOWN,3.34,0,0,0.00,16,afternoon,0,0,61,HIGH,63,80,68,27
,2026-04-20,Monday,TikTok,UNKNOWN,5.35,0,0,0.00,16,afternoon,1,1,61,HIGH,63,80,68,27
,2026-04-20,Monday,TikTok,UNKNOWN,7.08,0,0,0.00,16,afternoon,1,1,61,HIGH,63,80,68,27
,2026-04-20,Monday,TikTok,UNKNOWN,0.66,0,0,0.00,16,afternoon,0,0,61,HIGH,63,80,68,27
,2026-04-20,Monday,TikTok,UNKNOWN,2.64,0,0,0.00,16,afternoon,0,0,61,HIGH,63,80,68,27
,2026-04-20,Monday,Instagram,UNKNOWN,0.53,0,0,0.00,16,afternoon,0,0,61,HIGH,63,80,68,27
,2026-04-20,Monday,Instagram,UNKNOWN,0.54,0,0,0.00,16,afternoon,0,0,61,HIGH,63,80,68,27
,2026-04-20,Monday,Instagram,UNKNOWN,1.14,0,0,0.00,16,afternoon,0,0,61,HIGH,63,80,68,27
,2026-04-20,Monday,Instagram,UNKNOWN,0.50,0,0,0.00,16,afternoon,0,0,61,HIGH,63,80,68,27
,2026-04-20,Monday,Instagram,UNKNOWN,0.78,0,0,0.00,16,afternoon,0,0,61,HIGH,63,80,68,27
,2026-04-20,Monday,Instagram,UNKNOWN,0.75,0,0,0.00,16,afternoon,0,0,61,HIGH,63,80,68,27
,2026-04-20,Monday,Instagram,UNKNOWN,2.70,0,0,0.00,16,afternoon,0,0,61,HIGH,63,80,68,27
,2026-04-20,Monday,Instagram,UNKNOWN,0.54,0,0,0.00,16,afternoon,0,0,61,HIGH,63,80,68,27
,2026-04-20,Monday,Instagram,UNKNOWN,0.62,0,0,0.00,15,afternoon,0,0,61,HIGH,63,80,68,27
,2026-04-20,Monday,Instagram,UNKNOWN,0.80,0,0,0.00,15,afternoon,0,0,61,HIGH,63,80,68,27
,2026-04-20,Monday,Instagram,UNKNOWN,0.50,0,0,0.00,15,afternoon,0,0,61,HIGH,63,80,68,27
,2026-04-20,Monday,Instagram,UNKNOWN,1.63,0,0,0.00,15,afternoon,0,0,61,HIGH,63,80,68,27
,2026-04-20,Monday,Instagram,UNKNOWN,0.83,0,0,0.00,15,afternoon,0,0,61,HIGH,63,80,68,27
,2026-04-20,Monday,Instagram,UNKNOWN,1.38,0,0,0.00,15,afternoon,0,0,61,HIGH,63,80,68,27
,2026-04-20,Monday,Instagram,UNKNOWN,1.21,0,0,0.00,15,afternoon,0,0,61,HIGH,63,80,68,27
,2026-04-20,Monday,Instagram,UNKNOWN,1.67,0,0,0.00,15,afternoon,0,0,61,HIGH,63,80,68,27
,2026-04-20,Monday,Instagram,UNKNOWN,0.52,0,0,0.00,15,afternoon,0,0,61,HIGH,63,80,68,27
,2026-04-20,Monday,Instagram,UNKNOWN,5.39,0,0,0.00,15,afternoon,1,1,61,HIGH,63,80,68,27
,2026-04-20,Monday,Instagram,UNKNOWN,0.77,0,0,0.00,15,afternoon,0,0,61,HIGH,63,80,68,27
,2026-04-20,Monday,Instagram,UNKNOWN,0.51,0,0,0.00,15,afternoon,0,0,61,HIGH,63,80,68,27
,2026-04-20,Monday,TikTok,UNKNOWN,1.51,0,0,0.00,14,afternoon,0,0,61,HIGH,63,80,68,27
,2026-04-20,Monday,TikTok,UNKNOWN,2.07,0,0,0.00,14,afternoon,0,0,61,HIGH,63,80,68,27
,2026-04-20,Monday,Instagram,UNKNOWN,1.67,0,0,0.00,14,afternoon,0,0,61,HIGH,63,80,68,27
,2026-04-20,Monday,Instagram,UNKNOWN,0.65,0,0,0.00,14,afternoon,0,0,61,HIGH,63,80,68,27
,2026-04-20,Monday,Instagram,UNKNOWN,1.36,0,0,0.00,14,afternoon,0,0,61,HIGH,63,80,68,27
,2026-04-20,Monday,Instagram,UNKNOWN,1.14,0,0,0.00,14,afternoon,0,0,61,HIGH,63,80,68,27
,2026-04-20,Monday,Instagram,UNKNOWN,0.68,0,0,0.00,14,afternoon,0,0,61,HIGH,63,80,68,27
,2026-04-20,Monday,Instagram,UNKNOWN,0.89,0,0,0.00,14,afternoon,0,0,61,HIGH,63,80,68,27
,2026-04-20,Monday,Instagram,UNKNOWN,0.61,0,0,0.00,14,afternoon,0,0,61,HIGH,63,80,68,27
,2026-04-20,Monday,Instagram,UNKNOWN,4.96,0,0,0.00,14,afternoon,0,0,61,HIGH,63,80,68,27
,2026-04-20,Monday,Instagram,UNKNOWN,6.70,0,0,0.00,13,afternoon,1,1,61,HIGH,63,80,68,27
,2026-04-20,Monday,Instagram,UNKNOWN,0.62,0,0,0.00,13,afternoon,0,0,61,HIGH,63,80,68,27
,2026-04-20,Monday,Instagram,UNKNOWN,4.30,0,0,0.00,13,afternoon,0,0,61,HIGH,63,80,68,27
,2026-04-20,Monday,Instagram,UNKNOWN,5.25,0,0,0.00,13,afternoon,1,1,61,HIGH,63,80,68,27
,2026-04-20,Monday,Instagram,UNKNOWN,0.51,0,0,0.00,13,afternoon,0,0,61,HIGH,63,80,68,27
,2026-04-20,Monday,Instagram,UNKNOWN,3.51,0,0,0.00,13,afternoon,0,0,61,HIGH,63,80,68,27
,2026-04-20,Monday,TikTok,UNKNOWN,2.84,0,0,0.00,13,afternoon,0,0,61,HIGH,63,80,68,27
,2026-04-20,Monday,Instagram,UNKNOWN,0.80,0,0,0.00,13,afternoon,0,0,61,HIGH,63,80,68,27
,2026-04-20,Monday,Instagram,UNKNOWN,1.17,0,0,0.00,12,afternoon,0,0,61,HIGH,63,80,68,27
,2026-04-20,Monday,Snapchat,UNKNOWN,1.57,0,0,0.00,12,afternoon,0,0,61,HIGH,63,80,68,27
,2026-04-20,Monday,Instagram,UNKNOWN,19.12,0,0,0.00,11,morning,1,1,61,HIGH,63,80,68,27
,2026-04-20,Monday,Instagram,UNKNOWN,10.50,0,0,0.00,11,morning,1,1,61,HIGH,63,80,68,27
,2026-04-20,Monday,Instagram,UNKNOWN,25.94,14,0,0.54,10,morning,0,0,61,HIGH,63,80,68,27
,2026-04-20,Monday,Instagram,UNKNOWN,43.39,0,0,0.00,1,night,1,1,61,HIGH,63,80,68,27
,2026-04-20,Monday,Instagram,UNKNOWN,0.79,0,0,0.00,1,night,0,0,61,HIGH,63,80,68,27
,2026-04-20,Monday,Instagram,UNKNOWN,7.96,0,0,0.00,0,night,1,1,61,HIGH,63,80,68,27
,2026-04-19,Sunday,YouTube,UNKNOWN,3.39,0,0,0.00,23,night,0,0,55,MODERATE,59,77,67,7
,2026-04-19,Sunday,TikTok,UNKNOWN,8.06,0,0,0.00,23,night,1,1,55,MODERATE,59,77,67,7
,2026-04-19,Sunday,TikTok,UNKNOWN,0.65,0,0,0.00,23,night,0,0,55,MODERATE,59,77,67,7
,2026-04-19,Sunday,Instagram,UNKNOWN,3.40,0,0,0.00,23,night,0,0,55,MODERATE,59,77,67,7
,2026-04-19,Sunday,TikTok,UNKNOWN,2.25,0,0,0.00,22,night,0,0,55,MODERATE,59,77,67,7
,2026-04-19,Sunday,TikTok,UNKNOWN,0.53,0,0,0.00,22,night,0,0,55,MODERATE,59,77,67,7
,2026-04-19,Sunday,Instagram,UNKNOWN,2.24,0,0,0.00,22,night,0,0,55,MODERATE,59,77,67,7
,2026-04-19,Sunday,Instagram,UNKNOWN,3.04,0,0,0.00,21,evening,0,0,55,MODERATE,59,77,67,7
,2026-04-19,Sunday,Instagram,UNKNOWN,5.63,0,0,0.00,21,evening,1,1,55,MODERATE,59,77,67,7
,2026-04-19,Sunday,Instagram,UNKNOWN,9.88,0,0,0.00,21,evening,1,1,55,MODERATE,59,77,67,7
,2026-04-19,Sunday,Instagram,UNKNOWN,1.83,0,0,0.00,21,evening,0,0,55,MODERATE,59,77,67,7
,2026-04-19,Sunday,Instagram,UNKNOWN,1.13,0,0,0.00,21,evening,0,0,55,MODERATE,59,77,67,7
,2026-04-19,Sunday,Instagram,UNKNOWN,0.77,0,0,0.00,21,evening,0,0,55,MODERATE,59,77,67,7
,2026-04-19,Sunday,Instagram,UNKNOWN,0.82,0,0,0.00,21,evening,0,0,55,MODERATE,59,77,67,7
,2026-04-19,Sunday,Instagram,UNKNOWN,3.14,0,0,0.00,21,evening,0,0,55,MODERATE,59,77,67,7
,2026-04-19,Sunday,Instagram,UNKNOWN,2.94,0,0,0.00,21,evening,0,0,55,MODERATE,59,77,67,7
,2026-04-19,Sunday,Instagram,UNKNOWN,1.79,0,0,0.00,21,evening,0,0,55,MODERATE,59,77,67,7
,2026-04-19,Sunday,Instagram,UNKNOWN,1.12,0,0,0.00,21,evening,0,0,55,MODERATE,59,77,67,7
,2026-04-19,Sunday,Instagram,UNKNOWN,0.65,0,0,0.00,20,evening,0,0,55,MODERATE,59,77,67,7
,2026-04-19,Sunday,Instagram,UNKNOWN,0.78,0,0,0.00,20,evening,0,0,55,MODERATE,59,77,67,7
,2026-04-19,Sunday,Instagram,UNKNOWN,0.86,0,0,0.00,20,evening,0,0,55,MODERATE,59,77,67,7
,2026-04-19,Sunday,Instagram,UNKNOWN,1.90,0,0,0.00,20,evening,0,0,55,MODERATE,59,77,67,7
,2026-04-19,Sunday,Instagram,UNKNOWN,2.75,0,0,0.00,20,evening,0,0,55,MODERATE,59,77,67,7
,2026-04-19,Sunday,Instagram,UNKNOWN,6.26,0,0,0.00,20,evening,1,1,55,MODERATE,59,77,67,7
,2026-04-19,Sunday,Instagram,UNKNOWN,4.19,0,0,0.00,20,evening,0,0,55,MODERATE,59,77,67,7
,2026-04-19,Sunday,Instagram,UNKNOWN,4.14,0,0,0.00,20,evening,0,0,55,MODERATE,59,77,67,7
,2026-04-19,Sunday,Instagram,UNKNOWN,0.62,0,0,0.00,20,evening,0,0,55,MODERATE,59,77,67,7
,2026-04-19,Sunday,Instagram,UNKNOWN,0.87,0,0,0.00,20,evening,0,0,55,MODERATE,59,77,67,7
,2026-04-19,Sunday,Instagram,UNKNOWN,3.27,0,0,0.00,20,evening,0,0,55,MODERATE,59,77,67,7
,2026-04-19,Sunday,Instagram,UNKNOWN,1.26,0,0,0.00,20,evening,0,0,55,MODERATE,59,77,67,7
,2026-04-19,Sunday,Instagram,UNKNOWN,0.65,0,0,0.00,20,evening,0,0,55,MODERATE,59,77,67,7
,2026-04-19,Sunday,Instagram,UNKNOWN,0.58,0,0,0.00,20,evening,0,0,55,MODERATE,59,77,67,7
,2026-04-19,Sunday,TikTok,UNKNOWN,3.07,0,0,0.00,20,evening,0,0,55,MODERATE,59,77,67,7
,2026-04-19,Sunday,TikTok,UNKNOWN,0.65,0,0,0.00,20,evening,0,0,55,MODERATE,59,77,67,7
,2026-04-19,Sunday,Instagram,UNKNOWN,10.62,0,0,0.00,19,evening,1,1,55,MODERATE,59,77,67,7
,2026-04-19,Sunday,Instagram,UNKNOWN,4.65,0,0,0.00,19,evening,0,0,55,MODERATE,59,77,67,7
,2026-04-19,Sunday,Instagram,UNKNOWN,8.63,0,0,0.00,18,evening,1,1,55,MODERATE,59,77,67,7
,2026-04-19,Sunday,Instagram,UNKNOWN,12.42,89,1,7.17,18,evening,0,0,55,MODERATE,59,77,67,7
,2026-04-19,Sunday,Instagram,UNKNOWN,27.53,0,0,0.00,17,evening,1,1,55,MODERATE,59,77,67,7
,2026-04-19,Sunday,Instagram,UNKNOWN,0.58,0,0,0.00,17,evening,0,0,55,MODERATE,59,77,67,7
,2026-04-19,Sunday,Instagram,UNKNOWN,0.66,0,0,0.00,17,evening,0,0,55,MODERATE,59,77,67,7
,2026-04-19,Sunday,Instagram,UNKNOWN,0.53,0,0,0.00,17,evening,0,0,55,MODERATE,59,77,67,7
,2026-04-19,Sunday,Instagram,UNKNOWN,0.52,0,0,0.00,17,evening,0,0,55,MODERATE,59,77,67,7
,2026-04-19,Sunday,Instagram,UNKNOWN,4.10,0,0,0.00,16,afternoon,0,0,55,MODERATE,59,77,67,7
,2026-04-19,Sunday,Instagram,UNKNOWN,3.48,0,0,0.00,16,afternoon,0,0,55,MODERATE,59,77,67,7
,2026-04-19,Sunday,Instagram,UNKNOWN,0.57,0,0,0.00,16,afternoon,0,0,55,MODERATE,59,77,67,7
,2026-04-19,Sunday,Instagram,UNKNOWN,1.24,0,0,0.00,16,afternoon,0,0,55,MODERATE,59,77,67,7
,2026-04-19,Sunday,Instagram,UNKNOWN,2.21,0,0,0.00,16,afternoon,0,0,55,MODERATE,59,77,67,7
,2026-04-19,Sunday,Instagram,UNKNOWN,3.01,0,0,0.00,16,afternoon,0,0,55,MODERATE,59,77,67,7
,2026-04-19,Sunday,Instagram,UNKNOWN,3.65,0,0,0.00,15,afternoon,0,0,55,MODERATE,59,77,67,7
,2026-04-19,Sunday,Instagram,UNKNOWN,6.97,0,0,0.00,15,afternoon,1,1,55,MODERATE,59,77,67,7
,2026-04-19,Sunday,TikTok,UNKNOWN,6.96,0,0,0.00,15,afternoon,1,1,55,MODERATE,59,77,67,7
,2026-04-19,Sunday,Instagram,UNKNOWN,4.63,0,0,0.00,15,afternoon,0,0,55,MODERATE,59,77,67,7
,2026-04-19,Sunday,Instagram,UNKNOWN,11.31,0,0,0.00,15,afternoon,1,1,55,MODERATE,59,77,67,7
,2026-04-19,Sunday,Instagram,UNKNOWN,1.11,0,0,0.00,13,afternoon,0,0,55,MODERATE,59,77,67,7
,2026-04-19,Sunday,Instagram,UNKNOWN,1.66,0,0,0.00,13,afternoon,0,0,55,MODERATE,59,77,67,7
,2026-04-19,Sunday,Instagram,UNKNOWN,1.21,0,0,0.00,13,afternoon,0,0,55,MODERATE,59,77,67,7
,2026-04-19,Sunday,Instagram,UNKNOWN,3.19,0,0,0.00,13,afternoon,0,0,55,MODERATE,59,77,67,7
,2026-04-19,Sunday,TikTok,UNKNOWN,2.27,0,0,0.00,13,afternoon,0,0,55,MODERATE,59,77,67,7
,2026-04-19,Sunday,TikTok,UNKNOWN,9.10,0,0,0.00,12,afternoon,1,1,55,MODERATE,59,77,67,7
,2026-04-19,Sunday,TikTok,UNKNOWN,3.01,0,0,0.00,12,afternoon,0,0,55,MODERATE,59,77,67,7
,2026-04-19,Sunday,TikTok,UNKNOWN,1.77,1157,74,654.98,12,afternoon,0,0,55,MODERATE,59,77,67,7
,2026-04-19,Sunday,TikTok,UNKNOWN,5.09,0,0,0.00,10,morning,1,1,55,MODERATE,59,77,67,7
,2026-04-19,Sunday,TikTok,UNKNOWN,28.25,151,10,5.35,10,morning,0,0,55,MODERATE,59,77,67,7
,2026-04-18,Saturday,Instagram,UNKNOWN,3.22,0,0,0.00,23,night,0,0,62,HIGH,68,79,59,35
,2026-04-18,Saturday,Instagram,UNKNOWN,0.79,0,0,0.00,23,night,0,0,62,HIGH,68,79,59,35
,2026-04-18,Saturday,Instagram,UNKNOWN,1.30,0,0,0.00,23,night,0,0,62,HIGH,68,79,59,35
,2026-04-18,Saturday,Instagram,UNKNOWN,0.69,0,0,0.00,23,night,0,0,62,HIGH,68,79,59,35
,2026-04-18,Saturday,Instagram,UNKNOWN,33.96,0,0,0.00,22,night,1,1,62,HIGH,68,79,59,35
,2026-04-18,Saturday,Instagram,UNKNOWN,6.50,0,0,0.00,22,night,1,1,62,HIGH,68,79,59,35
,2026-04-18,Saturday,Instagram,UNKNOWN,9.82,0,0,0.00,22,night,1,1,62,HIGH,68,79,59,35
,2026-04-18,Saturday,Instagram,UNKNOWN,11.30,0,0,0.00,21,evening,1,1,62,HIGH,68,79,59,35
,2026-04-18,Saturday,Instagram,UNKNOWN,3.77,0,0,0.00,21,evening,0,0,62,HIGH,68,79,59,35
,2026-04-18,Saturday,Instagram,UNKNOWN,4.29,0,0,0.00,21,evening,0,0,62,HIGH,68,79,59,35
,2026-04-18,Saturday,Instagram,UNKNOWN,8.31,0,0,0.00,20,evening,1,1,62,HIGH,68,79,59,35
,2026-04-18,Saturday,Instagram,UNKNOWN,26.69,0,0,0.00,19,evening,1,1,62,HIGH,68,79,59,35
,2026-04-18,Saturday,Instagram,UNKNOWN,2.79,0,0,0.00,19,evening,0,0,62,HIGH,68,79,59,35
,2026-04-18,Saturday,Instagram,UNKNOWN,1.16,0,0,0.00,19,evening,0,0,62,HIGH,68,79,59,35
,2026-04-18,Saturday,Instagram,UNKNOWN,0.52,0,0,0.00,19,evening,0,0,62,HIGH,68,79,59,35
,2026-04-18,Saturday,TikTok,UNKNOWN,32.15,0,0,0.00,18,evening,1,1,62,HIGH,68,79,59,35
,2026-04-18,Saturday,Instagram,UNKNOWN,1.92,0,0,0.00,18,evening,0,0,62,HIGH,68,79,59,35
,2026-04-18,Saturday,Instagram,UNKNOWN,3.54,0,0,0.00,18,evening,0,0,62,HIGH,68,79,59,35
,2026-04-18,Saturday,Instagram,UNKNOWN,0.66,0,0,0.00,18,evening,0,0,62,HIGH,68,79,59,35
,2026-04-18,Saturday,Instagram,UNKNOWN,2.40,0,0,0.00,18,evening,0,0,62,HIGH,68,79,59,35
,2026-04-18,Saturday,Instagram,UNKNOWN,1.49,0,0,0.00,18,evening,0,0,62,HIGH,68,79,59,35
,2026-04-18,Saturday,Instagram,UNKNOWN,0.97,0,0,0.00,18,evening,0,0,62,HIGH,68,79,59,35
,2026-04-18,Saturday,Instagram,UNKNOWN,1.45,0,0,0.00,17,evening,0,0,62,HIGH,68,79,59,35
,2026-04-18,Saturday,Instagram,UNKNOWN,0.53,0,0,0.00,17,evening,0,0,62,HIGH,68,79,59,35
,2026-04-18,Saturday,Instagram,UNKNOWN,4.05,0,0,0.00,17,evening,0,0,62,HIGH,68,79,59,35
,2026-04-18,Saturday,Instagram,UNKNOWN,0.91,0,0,0.00,17,evening,0,0,62,HIGH,68,79,59,35
,2026-04-18,Saturday,Instagram,UNKNOWN,0.58,0,0,0.00,17,evening,0,0,62,HIGH,68,79,59,35
,2026-04-18,Saturday,Instagram,UNKNOWN,7.70,692,71,89.89,17,evening,0,0,62,HIGH,68,79,59,35
,2026-04-18,Saturday,TikTok,UNKNOWN,2.08,0,0,0.00,16,afternoon,0,0,62,HIGH,68,79,59,35
,2026-04-18,Saturday,TikTok,UNKNOWN,10.25,218,20,21.26,16,afternoon,0,0,62,HIGH,68,79,59,35
,2026-04-18,Saturday,TikTok,UNKNOWN,3.43,0,0,0.00,15,afternoon,0,0,62,HIGH,68,79,59,35
,2026-04-18,Saturday,TikTok,UNKNOWN,18.05,0,0,0.00,15,afternoon,1,1,62,HIGH,68,79,59,35
,2026-04-18,Saturday,TikTok,UNKNOWN,0.97,0,0,0.00,15,afternoon,0,0,62,HIGH,68,79,59,35
,2026-04-18,Saturday,TikTok,UNKNOWN,1.05,0,0,0.00,15,afternoon,0,0,62,HIGH,68,79,59,35
,2026-04-18,Saturday,TikTok,UNKNOWN,3.28,0,0,0.00,15,afternoon,0,0,62,HIGH,68,79,59,35
,2026-04-18,Saturday,Instagram,UNKNOWN,0.69,0,0,0.00,14,afternoon,0,0,62,HIGH,68,79,59,35
,2026-04-18,Saturday,Instagram,UNKNOWN,2.21,0,0,0.00,14,afternoon,0,0,62,HIGH,68,79,59,35
,2026-04-18,Saturday,Instagram,UNKNOWN,18.49,0,0,0.00,11,morning,1,1,62,HIGH,68,79,59,35
,2026-04-18,Saturday,Instagram,UNKNOWN,5.25,179,22,34.08,10,morning,0,0,62,HIGH,68,79,59,35
,2026-04-18,Saturday,Instagram,UNKNOWN,48.87,0,0,0.00,10,morning,1,1,62,HIGH,68,79,59,35
,2026-04-18,Saturday,Instagram,UNKNOWN,5.90,0,0,0.00,9,morning,1,1,62,HIGH,68,79,59,35
,2026-04-18,Saturday,Instagram,UNKNOWN,12.38,0,0,0.00,9,morning,1,1,62,HIGH,68,79,59,35
,2026-04-18,Saturday,Instagram,UNKNOWN,3.02,0,0,0.00,9,morning,0,0,62,HIGH,68,79,59,35
,2026-04-18,Saturday,Instagram,UNKNOWN,3.28,0,0,0.00,9,morning,0,0,62,HIGH,68,79,59,35
,2026-04-18,Saturday,Instagram,UNKNOWN,0.84,427,39,510.41,9,morning,0,0,62,HIGH,68,79,59,35
,2026-04-17,Friday,Instagram,UNKNOWN,38.72,0,0,0.00,23,night,1,1,66,HIGH,72,81,63,40
,2026-04-17,Friday,TikTok,UNKNOWN,33.88,0,0,0.00,23,night,1,1,66,HIGH,72,81,63,40
,2026-04-17,Friday,Instagram,UNKNOWN,14.38,0,0,0.00,22,night,1,1,66,HIGH,72,81,63,40
,2026-04-17,Friday,TikTok,UNKNOWN,0.74,0,0,0.00,22,night,0,0,66,HIGH,72,81,63,40
,2026-04-17,Friday,TikTok,UNKNOWN,2.38,118,0,49.52,22,night,0,0,66,HIGH,72,81,63,40
,2026-04-17,Friday,TikTok,UNKNOWN,2.70,0,0,0.00,22,night,0,0,66,HIGH,72,81,63,40
,2026-04-17,Friday,TikTok,UNKNOWN,1.64,0,0,0.00,22,night,0,0,66,HIGH,72,81,63,40
,2026-04-17,Friday,TikTok,UNKNOWN,5.96,0,0,0.00,22,night,1,1,66,HIGH,72,81,63,40
,2026-04-17,Friday,TikTok,UNKNOWN,0.91,0,0,0.00,22,night,0,0,66,HIGH,72,81,63,40
,2026-04-17,Friday,TikTok,UNKNOWN,1.38,0,0,0.00,22,night,0,0,66,HIGH,72,81,63,40
,2026-04-17,Friday,TikTok,UNKNOWN,34.64,0,0,0.00,21,evening,1,1,66,HIGH,72,81,63,40
,2026-04-17,Friday,TikTok,UNKNOWN,16.00,0,0,0.00,21,evening,1,1,66,HIGH,72,81,63,40
,2026-04-17,Friday,TikTok,UNKNOWN,3.45,0,0,0.00,20,evening,0,0,66,HIGH,72,81,63,40
,2026-04-17,Friday,TikTok,UNKNOWN,0.53,0,0,0.00,20,evening,0,0,66,HIGH,72,81,63,40
,2026-04-17,Friday,TikTok,UNKNOWN,50.95,0,0,0.00,20,evening,1,1,66,HIGH,72,81,63,40
,2026-04-17,Friday,Instagram,UNKNOWN,8.05,0,0,0.00,19,evening,1,1,66,HIGH,72,81,63,40
,2026-04-17,Friday,Instagram,UNKNOWN,3.15,0,0,0.00,19,evening,0,0,66,HIGH,72,81,63,40
,2026-04-17,Friday,Instagram,UNKNOWN,9.15,0,0,0.00,19,evening,1,1,66,HIGH,72,81,63,40
,2026-04-17,Friday,Instagram,UNKNOWN,1.39,0,0,0.00,19,evening,0,0,66,HIGH,72,81,63,40
,2026-04-17,Friday,Instagram,UNKNOWN,1.19,0,0,0.00,19,evening,0,0,66,HIGH,72,81,63,40
,2026-04-17,Friday,Instagram,UNKNOWN,1.47,0,0,0.00,19,evening,0,0,66,HIGH,72,81,63,40
,2026-04-17,Friday,Instagram,UNKNOWN,0.59,0,0,0.00,19,evening,0,0,66,HIGH,72,81,63,40
,2026-04-17,Friday,Instagram,UNKNOWN,1.65,0,0,0.00,19,evening,0,0,66,HIGH,72,81,63,40
,2026-04-17,Friday,Instagram,UNKNOWN,0.66,0,0,0.00,18,evening,0,0,66,HIGH,72,81,63,40
,2026-04-17,Friday,Instagram,UNKNOWN,11.16,0,0,0.00,18,evening,1,1,66,HIGH,72,81,63,40
,2026-04-17,Friday,Instagram,UNKNOWN,5.69,0,0,0.00,18,evening,1,1,66,HIGH,72,81,63,40
,2026-04-17,Friday,Instagram,UNKNOWN,1.05,0,0,0.00,18,evening,0,0,66,HIGH,72,81,63,40
,2026-04-17,Friday,Instagram,UNKNOWN,0.92,0,0,0.00,18,evening,0,0,66,HIGH,72,81,63,40
,2026-04-17,Friday,Instagram,UNKNOWN,9.34,0,0,0.00,18,evening,1,1,66,HIGH,72,81,63,40
,2026-04-17,Friday,Instagram,UNKNOWN,0.84,0,0,0.00,18,evening,0,0,66,HIGH,72,81,63,40
,2026-04-17,Friday,Instagram,UNKNOWN,10.82,0,0,0.00,18,evening,1,1,66,HIGH,72,81,63,40
,2026-04-17,Friday,Instagram,UNKNOWN,5.24,0,0,0.00,17,evening,1,1,66,HIGH,72,81,63,40
,2026-04-17,Friday,Instagram,UNKNOWN,14.38,0,0,0.00,17,evening,1,1,66,HIGH,72,81,63,40
,2026-04-17,Friday,Instagram,UNKNOWN,2.64,0,0,0.00,17,evening,0,0,66,HIGH,72,81,63,40
,2026-04-17,Friday,Instagram,UNKNOWN,8.38,143,17,17.07,17,evening,0,0,66,HIGH,72,81,63,40
,2026-04-17,Friday,Instagram,UNKNOWN,0.70,0,0,0.00,16,afternoon,0,0,66,HIGH,72,81,63,40
,2026-04-17,Friday,Instagram,UNKNOWN,0.66,0,0,0.00,16,afternoon,0,0,66,HIGH,72,81,63,40
,2026-04-17,Friday,Instagram,UNKNOWN,0.56,0,0,0.00,16,afternoon,0,0,66,HIGH,72,81,63,40
,2026-04-17,Friday,Instagram,UNKNOWN,1.15,0,0,0.00,16,afternoon,0,0,66,HIGH,72,81,63,40
,2026-04-17,Friday,Instagram,UNKNOWN,5.15,0,0,0.00,16,afternoon,1,1,66,HIGH,72,81,63,40
,2026-04-17,Friday,TikTok,UNKNOWN,1.78,0,0,0.00,16,afternoon,0,0,66,HIGH,72,81,63,40
,2026-04-17,Friday,TikTok,UNKNOWN,4.51,0,0,0.00,16,afternoon,0,0,66,HIGH,72,81,63,40
,2026-04-17,Friday,TikTok,UNKNOWN,16.91,0,0,0.00,15,afternoon,1,1,66,HIGH,72,81,63,40
,2026-04-17,Friday,Instagram,UNKNOWN,1.78,155,39,87.16,15,afternoon,0,0,66,HIGH,72,81,63,40
,2026-04-17,Friday,Instagram,UNKNOWN,3.83,0,0,0.00,14,afternoon,0,0,66,HIGH,72,81,63,40
,2026-04-17,Friday,Instagram,UNKNOWN,3.83,0,0,0.00,14,afternoon,0,0,66,HIGH,72,81,63,40
,2026-04-17,Friday,Instagram,UNKNOWN,14.98,0,0,0.00,14,afternoon,1,1,66,HIGH,72,81,63,40
,2026-04-17,Friday,Instagram,UNKNOWN,14.98,0,0,0.00,14,afternoon,1,1,66,HIGH,72,81,63,40
,2026-04-17,Friday,Instagram,UNKNOWN,9.47,0,0,0.00,14,afternoon,1,1,66,HIGH,72,81,63,40
,2026-04-17,Friday,Instagram,UNKNOWN,5.85,0,0,0.00,14,afternoon,1,1,66,HIGH,72,81,63,40
,2026-04-17,Friday,Instagram,UNKNOWN,5.85,0,0,0.00,14,afternoon,1,1,66,HIGH,72,81,63,40
,2026-04-17,Friday,Instagram,UNKNOWN,7.86,0,0,0.00,13,afternoon,1,1,66,HIGH,72,81,63,40
,2026-04-17,Friday,Instagram,UNKNOWN,10.83,0,0,0.00,13,afternoon,1,1,66,HIGH,72,81,63,40
,2026-04-17,Friday,Instagram,UNKNOWN,10.83,0,0,0.00,13,afternoon,1,1,66,HIGH,72,81,63,40
,2026-04-17,Friday,Instagram,UNKNOWN,0.76,0,0,0.00,13,afternoon,0,0,66,HIGH,72,81,63,40
,2026-04-17,Friday,Instagram,UNKNOWN,0.76,0,0,0.00,13,afternoon,0,0,66,HIGH,72,81,63,40
,2026-04-17,Friday,Instagram,UNKNOWN,0.51,0,0,0.00,13,afternoon,0,0,66,HIGH,72,81,63,40
,2026-04-17,Friday,Instagram,UNKNOWN,0.51,0,0,0.00,13,afternoon,0,0,66,HIGH,72,81,63,40
,2026-04-17,Friday,Instagram,UNKNOWN,2.12,0,0,0.00,13,afternoon,0,0,66,HIGH,72,81,63,40
,2026-04-17,Friday,Instagram,UNKNOWN,2.12,0,0,0.00,13,afternoon,0,0,66,HIGH,72,81,63,40
,2026-04-17,Friday,Instagram,UNKNOWN,0.62,0,0,0.00,13,afternoon,0,0,66,HIGH,72,81,63,40
,2026-04-17,Friday,Instagram,UNKNOWN,0.62,0,0,0.00,13,afternoon,0,0,66,HIGH,72,81,63,40
,2026-04-17,Friday,Instagram,UNKNOWN,1.86,0,0,0.00,13,afternoon,0,0,66,HIGH,72,81,63,40
,2026-04-17,Friday,Instagram,UNKNOWN,1.86,0,0,0.00,13,afternoon,0,0,66,HIGH,72,81,63,40
,2026-04-17,Friday,Instagram,UNKNOWN,0.55,0,0,0.00,13,afternoon,0,0,66,HIGH,72,81,63,40
,2026-04-17,Friday,Instagram,UNKNOWN,2.08,0,0,0.00,13,afternoon,0,0,66,HIGH,72,81,63,40
,2026-04-17,Friday,Instagram,UNKNOWN,0.60,0,0,0.00,13,afternoon,0,0,66,HIGH,72,81,63,40
,2026-04-17,Friday,Instagram,UNKNOWN,0.95,0,0,0.00,13,afternoon,0,0,66,HIGH,72,81,63,40
,2026-04-17,Friday,Instagram,UNKNOWN,2.04,0,0,0.00,12,afternoon,0,0,66,HIGH,72,81,63,40
,2026-04-17,Friday,Instagram,UNKNOWN,1.50,0,0,0.00,12,afternoon,0,0,66,HIGH,72,81,63,40
,2026-04-17,Friday,Instagram,UNKNOWN,2.91,0,0,0.00,12,afternoon,0,0,66,HIGH,72,81,63,40
,2026-04-17,Friday,TikTok,UNKNOWN,3.59,0,0,0.00,12,afternoon,0,0,66,HIGH,72,81,63,40
,2026-04-17,Friday,TikTok,UNKNOWN,0.87,0,0,0.00,12,afternoon,0,0,66,HIGH,72,81,63,40
,2026-04-17,Friday,TikTok,UNKNOWN,4.26,0,0,0.00,12,afternoon,0,0,66,HIGH,72,81,63,40
,2026-04-17,Friday,TikTok,UNKNOWN,1.40,0,0,0.00,12,afternoon,0,0,66,HIGH,72,81,63,40
,2026-04-17,Friday,Instagram,UNKNOWN,7.14,0,0,0.00,12,afternoon,1,1,66,HIGH,72,81,63,40
,2026-04-17,Friday,Instagram,UNKNOWN,25.33,0,0,0.00,11,morning,1,1,66,HIGH,72,81,63,40
,2026-04-17,Friday,Instagram,UNKNOWN,2.81,0,0,0.00,11,morning,0,0,66,HIGH,72,81,63,40
,2026-04-17,Friday,Instagram,UNKNOWN,0.51,0,0,0.00,11,morning,0,0,66,HIGH,72,81,63,40
,2026-04-17,Friday,Instagram,UNKNOWN,5.10,0,0,0.00,11,morning,1,1,66,HIGH,72,81,63,40
,2026-04-17,Friday,Instagram,UNKNOWN,31.33,780,47,24.90,10,morning,0,0,66,HIGH,72,81,63,40
,2026-04-17,Friday,Instagram,UNKNOWN,0.58,0,0,0.00,10,morning,0,0,66,HIGH,72,81,63,40
,2026-04-17,Friday,Instagram,UNKNOWN,1.51,0,0,0.00,10,morning,0,0,66,HIGH,72,81,63,40
,2026-04-17,Friday,Instagram,UNKNOWN,4.20,0,0,0.00,10,morning,0,0,66,HIGH,72,81,63,40
,2026-04-17,Friday,Instagram,UNKNOWN,3.78,0,0,0.00,10,morning,0,0,66,HIGH,72,81,63,40
,2026-04-17,Friday,Instagram,UNKNOWN,11.70,0,0,0.00,9,morning,1,1,66,HIGH,72,81,63,40
,2026-04-17,Friday,Instagram,UNKNOWN,16.68,0,0,0.00,9,morning,1,1,66,HIGH,72,81,63,40
,2026-04-17,Friday,Instagram,UNKNOWN,29.64,0,0,0.00,8,morning,1,1,66,HIGH,72,81,63,40
,2026-04-17,Friday,Instagram,UNKNOWN,12.62,0,0,0.00,8,morning,1,1,66,HIGH,72,81,63,40
,2026-04-17,Friday,Instagram,UNKNOWN,15.42,208,12,13.49,8,morning,0,0,66,HIGH,72,81,63,40
,2026-04-17,Friday,Instagram,UNKNOWN,6.78,0,0,0.00,0,night,1,1,66,HIGH,72,81,63,40
,2026-04-17,Friday,Instagram,UNKNOWN,0.70,0,0,0.00,0,night,0,0,66,HIGH,72,81,63,40
,2026-04-16,Thursday,Instagram,UNKNOWN,7.34,0,0,0.00,23,night,1,1,70,HIGH,69,85,74,47
,2026-04-16,Thursday,Instagram,UNKNOWN,0.94,0,0,0.00,23,night,0,0,70,HIGH,69,85,74,47
,2026-04-16,Thursday,Instagram,UNKNOWN,2.40,0,0,0.00,23,night,0,0,70,HIGH,69,85,74,47
,2026-04-16,Thursday,Instagram,UNKNOWN,1.88,0,0,0.00,23,night,0,0,70,HIGH,69,85,74,47
,2026-04-16,Thursday,Instagram,UNKNOWN,19.04,0,0,0.00,23,night,1,1,70,HIGH,69,85,74,47
,2026-04-16,Thursday,TikTok,UNKNOWN,7.61,174,5,22.87,22,night,0,0,70,HIGH,69,85,74,47
,2026-04-16,Thursday,Instagram,UNKNOWN,0.79,0,0,0.00,21,evening,0,0,70,HIGH,69,85,74,47
,2026-04-16,Thursday,Instagram,UNKNOWN,29.95,0,0,0.00,21,evening,1,1,70,HIGH,69,85,74,47
,2026-04-16,Thursday,Instagram,UNKNOWN,29.95,0,0,0.00,21,evening,1,1,70,HIGH,69,85,74,47
,2026-04-16,Thursday,Instagram,UNKNOWN,1.93,0,0,0.00,20,evening,0,0,70,HIGH,69,85,74,47
,2026-04-16,Thursday,Instagram,UNKNOWN,43.27,0,0,0.00,20,evening,1,1,70,HIGH,69,85,74,47
,2026-04-16,Thursday,Instagram,UNKNOWN,43.27,0,0,0.00,20,evening,1,1,70,HIGH,69,85,74,47
,2026-04-16,Thursday,Instagram,UNKNOWN,3.30,0,0,0.00,20,evening,0,0,70,HIGH,69,85,74,47
,2026-04-16,Thursday,Instagram,UNKNOWN,3.30,0,0,0.00,20,evening,0,0,70,HIGH,69,85,74,47
,2026-04-16,Thursday,Instagram,UNKNOWN,5.98,0,0,0.00,20,evening,1,1,70,HIGH,69,85,74,47
,2026-04-16,Thursday,Instagram,UNKNOWN,4.78,0,0,0.00,19,evening,0,0,70,HIGH,69,85,74,47
,2026-04-16,Thursday,Instagram,UNKNOWN,1.05,0,0,0.00,19,evening,0,0,70,HIGH,69,85,74,47
,2026-04-16,Thursday,Instagram,UNKNOWN,1.05,0,0,0.00,19,evening,0,0,70,HIGH,69,85,74,47
,2026-04-16,Thursday,Instagram,UNKNOWN,0.66,0,0,0.00,19,evening,0,0,70,HIGH,69,85,74,47
,2026-04-16,Thursday,Instagram,UNKNOWN,0.66,0,0,0.00,19,evening,0,0,70,HIGH,69,85,74,47
,2026-04-16,Thursday,Instagram,UNKNOWN,3.24,0,0,0.00,19,evening,0,0,70,HIGH,69,85,74,47
,2026-04-16,Thursday,Instagram,UNKNOWN,3.24,0,0,0.00,19,evening,0,0,70,HIGH,69,85,74,47
,2026-04-16,Thursday,Instagram,UNKNOWN,3.22,0,0,0.00,19,evening,0,0,70,HIGH,69,85,74,47
,2026-04-16,Thursday,Instagram,UNKNOWN,2.81,0,0,0.00,19,evening,0,0,70,HIGH,69,85,74,47
,2026-04-16,Thursday,Instagram,UNKNOWN,2.81,0,0,0.00,19,evening,0,0,70,HIGH,69,85,74,47
,2026-04-16,Thursday,Instagram,UNKNOWN,3.21,0,0,0.00,19,evening,0,0,70,HIGH,69,85,74,47
,2026-04-16,Thursday,Instagram,UNKNOWN,3.21,0,0,0.00,19,evening,0,0,70,HIGH,69,85,74,47
,2026-04-16,Thursday,Instagram,UNKNOWN,3.14,0,0,0.00,19,evening,0,0,70,HIGH,69,85,74,47
,2026-04-16,Thursday,Instagram,UNKNOWN,3.14,0,0,0.00,19,evening,0,0,70,HIGH,69,85,74,47
,2026-04-16,Thursday,Instagram,UNKNOWN,0.76,0,0,0.00,19,evening,0,0,70,HIGH,69,85,74,47
,2026-04-16,Thursday,Instagram,UNKNOWN,1.41,0,0,0.00,19,evening,0,0,70,HIGH,69,85,74,47
,2026-04-16,Thursday,Instagram,UNKNOWN,1.41,0,0,0.00,19,evening,0,0,70,HIGH,69,85,74,47
,2026-04-16,Thursday,Instagram,UNKNOWN,2.54,0,0,0.00,17,evening,0,0,70,HIGH,69,85,74,47
,2026-04-16,Thursday,Instagram,UNKNOWN,2.54,0,0,0.00,17,evening,0,0,70,HIGH,69,85,74,47
,2026-04-16,Thursday,Instagram,UNKNOWN,0.66,0,0,0.00,17,evening,0,0,70,HIGH,69,85,74,47
,2026-04-16,Thursday,Instagram,UNKNOWN,0.66,0,0,0.00,17,evening,0,0,70,HIGH,69,85,74,47
,2026-04-16,Thursday,Instagram,UNKNOWN,2.75,0,0,0.00,17,evening,0,0,70,HIGH,69,85,74,47
,2026-04-16,Thursday,Instagram,UNKNOWN,0.88,0,0,0.00,17,evening,0,0,70,HIGH,69,85,74,47
,2026-04-16,Thursday,Instagram,UNKNOWN,0.88,0,0,0.00,17,evening,0,0,70,HIGH,69,85,74,47
,2026-04-16,Thursday,Instagram,UNKNOWN,2.69,0,0,0.00,16,afternoon,0,0,70,HIGH,69,85,74,47
,2026-04-16,Thursday,Instagram,UNKNOWN,2.69,0,0,0.00,16,afternoon,0,0,70,HIGH,69,85,74,47
,2026-04-16,Thursday,Instagram,UNKNOWN,0.90,0,0,0.00,16,afternoon,0,0,70,HIGH,69,85,74,47
,2026-04-16,Thursday,Instagram,UNKNOWN,0.90,0,0,0.00,16,afternoon,0,0,70,HIGH,69,85,74,47
,2026-04-16,Thursday,Instagram,UNKNOWN,11.22,0,0,0.00,14,afternoon,1,1,70,HIGH,69,85,74,47
,2026-04-16,Thursday,TikTok,UNKNOWN,40.76,0,0,0.00,13,afternoon,1,1,70,HIGH,69,85,74,47
,2026-04-16,Thursday,TikTok,UNKNOWN,40.76,0,0,0.00,13,afternoon,1,1,70,HIGH,69,85,74,47
,2026-04-16,Thursday,Instagram,UNKNOWN,1.03,0,0,0.00,13,afternoon,0,0,70,HIGH,69,85,74,47
,2026-04-16,Thursday,Instagram,UNKNOWN,1.03,0,0,0.00,13,afternoon,0,0,70,HIGH,69,85,74,47
,2026-04-16,Thursday,TikTok,UNKNOWN,5.03,0,0,0.00,12,afternoon,1,1,70,HIGH,69,85,74,47
,2026-04-16,Thursday,TikTok,UNKNOWN,5.03,0,0,0.00,12,afternoon,1,1,70,HIGH,69,85,74,47
,2026-04-16,Thursday,TikTok,UNKNOWN,0.79,0,0,0.00,12,afternoon,0,0,70,HIGH,69,85,74,47
,2026-04-16,Thursday,TikTok,UNKNOWN,1.46,0,0,0.00,12,afternoon,0,0,70,HIGH,69,85,74,47
,2026-04-16,Thursday,TikTok,UNKNOWN,1.46,0,0,0.00,12,afternoon,0,0,70,HIGH,69,85,74,47
,2026-04-16,Thursday,TikTok,UNKNOWN,0.70,0,0,0.00,12,afternoon,0,0,70,HIGH,69,85,74,47
,2026-04-16,Thursday,TikTok,UNKNOWN,0.70,0,0,0.00,12,afternoon,0,0,70,HIGH,69,85,74,47
,2026-04-16,Thursday,Instagram,UNKNOWN,0.51,0,0,0.00,12,afternoon,0,0,70,HIGH,69,85,74,47
,2026-04-16,Thursday,Instagram,UNKNOWN,0.62,0,0,0.00,12,afternoon,0,0,70,HIGH,69,85,74,47
,2026-04-16,Thursday,Instagram,UNKNOWN,0.62,0,0,0.00,12,afternoon,0,0,70,HIGH,69,85,74,47
,2026-04-16,Thursday,TikTok,UNKNOWN,2.13,0,0,0.00,12,afternoon,0,0,70,HIGH,69,85,74,47
,2026-04-16,Thursday,TikTok,UNKNOWN,1.16,0,0,0.00,12,afternoon,0,0,70,HIGH,69,85,74,47
,2026-04-16,Thursday,TikTok,UNKNOWN,1.16,0,0,0.00,12,afternoon,0,0,70,HIGH,69,85,74,47
,2026-04-16,Thursday,TikTok,UNKNOWN,0.65,0,0,0.00,12,afternoon,0,0,70,HIGH,69,85,74,47
,2026-04-16,Thursday,TikTok,UNKNOWN,0.65,0,0,0.00,12,afternoon,0,0,70,HIGH,69,85,74,47
,2026-04-16,Thursday,TikTok,UNKNOWN,0.53,0,0,0.00,12,afternoon,0,0,70,HIGH,69,85,74,47
,2026-04-16,Thursday,TikTok,UNKNOWN,3.71,0,0,0.00,12,afternoon,0,0,70,HIGH,69,85,74,47
,2026-04-16,Thursday,TikTok,UNKNOWN,3.71,0,0,0.00,12,afternoon,0,0,70,HIGH,69,85,74,47
,2026-04-16,Thursday,Instagram,UNKNOWN,0.77,0,0,0.00,12,afternoon,0,0,70,HIGH,69,85,74,47
,2026-04-16,Thursday,Instagram,UNKNOWN,21.15,0,0,0.00,12,afternoon,1,1,70,HIGH,69,85,74,47
,2026-04-16,Thursday,Instagram,UNKNOWN,21.15,0,0,0.00,12,afternoon,1,1,70,HIGH,69,85,74,47
,2026-04-16,Thursday,Instagram,UNKNOWN,2.94,0,0,0.00,12,afternoon,0,0,70,HIGH,69,85,74,47
,2026-04-16,Thursday,Instagram,UNKNOWN,1.25,0,0,0.00,12,afternoon,0,0,70,HIGH,69,85,74,47
,2026-04-16,Thursday,Instagram,UNKNOWN,1.25,0,0,0.00,12,afternoon,0,0,70,HIGH,69,85,74,47
,2026-04-16,Thursday,Instagram,UNKNOWN,1.75,0,0,0.00,12,afternoon,0,0,70,HIGH,69,85,74,47
,2026-04-16,Thursday,Instagram,UNKNOWN,22.51,0,0,0.00,11,morning,1,1,70,HIGH,69,85,74,47
,2026-04-16,Thursday,Instagram,UNKNOWN,18.26,0,0,0.00,11,morning,1,1,70,HIGH,69,85,74,47
,2026-04-16,Thursday,Instagram,UNKNOWN,18.26,0,0,0.00,11,morning,1,1,70,HIGH,69,85,74,47
,2026-04-16,Thursday,Instagram,UNKNOWN,0.64,0,0,0.00,11,morning,0,0,70,HIGH,69,85,74,47
,2026-04-16,Thursday,Instagram,UNKNOWN,0.64,0,0,0.00,11,morning,0,0,70,HIGH,69,85,74,47
,2026-04-16,Thursday,Instagram,UNKNOWN,0.50,0,0,0.00,10,morning,0,0,70,HIGH,69,85,74,47
,2026-04-16,Thursday,Instagram,UNKNOWN,0.50,0,0,0.00,10,morning,0,0,70,HIGH,69,85,74,47
,2026-04-16,Thursday,Instagram,UNKNOWN,1.42,0,0,0.00,10,morning,0,0,70,HIGH,69,85,74,47
,2026-04-16,Thursday,Instagram,UNKNOWN,1.42,0,0,0.00,10,morning,0,0,70,HIGH,69,85,74,47
,2026-04-16,Thursday,TikTok,UNKNOWN,0.84,0,0,0.00,10,morning,0,0,70,HIGH,69,85,74,47
,2026-04-16,Thursday,TikTok,UNKNOWN,0.84,0,0,0.00,10,morning,0,0,70,HIGH,69,85,74,47
,2026-04-16,Thursday,TikTok,UNKNOWN,17.87,0,0,0.00,10,morning,1,1,70,HIGH,69,85,74,47
,2026-04-16,Thursday,TikTok,UNKNOWN,6.57,0,0,0.00,1,night,1,1,70,HIGH,69,85,74,47
,2026-04-16,Thursday,TikTok,UNKNOWN,0.75,0,0,0.00,1,night,0,0,70,HIGH,69,85,74,47
,2026-04-16,Thursday,TikTok,UNKNOWN,1.03,0,0,0.00,1,night,0,0,70,HIGH,69,85,74,47
,2026-04-16,Thursday,TikTok,UNKNOWN,1.03,0,0,0.00,1,night,0,0,70,HIGH,69,85,74,47
,2026-04-16,Thursday,TikTok,UNKNOWN,3.67,0,0,0.00,1,night,0,0,70,HIGH,69,85,74,47
,2026-04-16,Thursday,TikTok,UNKNOWN,3.67,0,0,0.00,1,night,0,0,70,HIGH,69,85,74,47
,2026-04-16,Thursday,TikTok,UNKNOWN,4.91,0,0,0.00,1,night,0,0,70,HIGH,69,85,74,47
,2026-04-16,Thursday,TikTok,UNKNOWN,2.01,0,0,0.00,1,night,0,0,70,HIGH,69,85,74,47
,2026-04-16,Thursday,TikTok,UNKNOWN,2.01,0,0,0.00,1,night,0,0,70,HIGH,69,85,74,47
,2026-04-16,Thursday,TikTok,UNKNOWN,2.75,0,0,0.00,1,night,0,0,70,HIGH,69,85,74,47
,2026-04-16,Thursday,TikTok,UNKNOWN,2.75,0,0,0.00,1,night,0,0,70,HIGH,69,85,74,47
,2026-04-16,Thursday,TikTok,UNKNOWN,1.96,0,0,0.00,1,night,0,0,70,HIGH,69,85,74,47
,2026-04-16,Thursday,TikTok,UNKNOWN,1.34,0,0,0.00,1,night,0,0,70,HIGH,69,85,74,47
,2026-04-16,Thursday,TikTok,UNKNOWN,1.34,0,0,0.00,1,night,0,0,70,HIGH,69,85,74,47
,2026-04-16,Thursday,TikTok,UNKNOWN,9.47,0,0,0.00,1,night,1,1,70,HIGH,69,85,74,47
,2026-04-16,Thursday,TikTok,UNKNOWN,9.47,0,0,0.00,1,night,1,1,70,HIGH,69,85,74,47
,2026-04-16,Thursday,TikTok,UNKNOWN,17.56,0,0,0.00,0,night,1,1,70,HIGH,69,85,74,47
,2026-04-16,Thursday,TikTok,UNKNOWN,17.56,0,0,0.00,0,night,1,1,70,HIGH,69,85,74,47
,2026-04-16,Thursday,TikTok,UNKNOWN,1.76,0,0,0.00,0,night,0,0,70,HIGH,69,85,74,47
,2026-04-16,Thursday,TikTok,UNKNOWN,1.76,0,0,0.00,0,night,0,0,70,HIGH,69,85,74,47
,2026-04-16,Thursday,TikTok,UNKNOWN,1.53,0,0,0.00,0,night,0,0,70,HIGH,69,85,74,47
,2026-04-16,Thursday,TikTok,UNKNOWN,1.04,0,0,0.00,0,night,0,0,70,HIGH,69,85,74,47
,2026-04-16,Thursday,TikTok,UNKNOWN,0.98,0,0,0.00,0,night,0,0,70,HIGH,69,85,74,47
,2026-04-16,Thursday,TikTok,UNKNOWN,2.33,0,0,0.00,0,night,0,0,70,HIGH,69,85,74,47
,2026-04-16,Thursday,TikTok,UNKNOWN,2.33,0,0,0.00,0,night,0,0,70,HIGH,69,85,74,47
,2026-04-16,Thursday,Instagram,UNKNOWN,5.28,0,0,0.00,0,night,1,1,70,HIGH,69,85,74,47
,2026-04-16,Thursday,Instagram,UNKNOWN,5.28,0,0,0.00,0,night,1,1,70,HIGH,69,85,74,47
,2026-04-15,Wednesday,Instagram,UNKNOWN,16.26,0,0,0.00,23,night,1,1,65,HIGH,64,80,71,42
,2026-04-15,Wednesday,Instagram,UNKNOWN,16.26,0,0,0.00,23,night,1,1,65,HIGH,64,80,71,42
,2026-04-15,Wednesday,Instagram,UNKNOWN,3.15,0,0,0.00,23,night,0,0,65,HIGH,64,80,71,42
,2026-04-15,Wednesday,Instagram,UNKNOWN,3.15,0,0,0.00,23,night,0,0,65,HIGH,64,80,71,42
,2026-04-15,Wednesday,Instagram,UNKNOWN,1.12,0,0,0.00,23,night,0,0,65,HIGH,64,80,71,42
,2026-04-15,Wednesday,Instagram,UNKNOWN,1.12,0,0,0.00,23,night,0,0,65,HIGH,64,80,71,42
,2026-04-15,Wednesday,Instagram,UNKNOWN,0.52,0,0,0.00,23,night,0,0,65,HIGH,64,80,71,42
,2026-04-15,Wednesday,Instagram,UNKNOWN,0.52,0,0,0.00,23,night,0,0,65,HIGH,64,80,71,42
,2026-04-15,Wednesday,Instagram,UNKNOWN,0.57,0,0,0.00,23,night,0,0,65,HIGH,64,80,71,42
,2026-04-15,Wednesday,Instagram,UNKNOWN,5.46,0,0,0.00,23,night,1,1,65,HIGH,64,80,71,42
,2026-04-15,Wednesday,Instagram,UNKNOWN,3.55,0,0,0.00,22,night,0,0,65,HIGH,64,80,71,42
,2026-04-15,Wednesday,Instagram,UNKNOWN,3.55,0,0,0.00,22,night,0,0,65,HIGH,64,80,71,42
,2026-04-15,Wednesday,Instagram,UNKNOWN,0.73,0,0,0.00,22,night,0,0,65,HIGH,64,80,71,42
,2026-04-15,Wednesday,Instagram,UNKNOWN,0.73,0,0,0.00,22,night,0,0,65,HIGH,64,80,71,42
,2026-04-15,Wednesday,Instagram,UNKNOWN,0.52,0,0,0.00,22,night,0,0,65,HIGH,64,80,71,42
,2026-04-15,Wednesday,Instagram,UNKNOWN,0.52,0,0,0.00,22,night,0,0,65,HIGH,64,80,71,42
,2026-04-15,Wednesday,Instagram,UNKNOWN,0.72,0,0,0.00,22,night,0,0,65,HIGH,64,80,71,42
,2026-04-15,Wednesday,Instagram,UNKNOWN,0.72,0,0,0.00,22,night,0,0,65,HIGH,64,80,71,42
,2026-04-15,Wednesday,Instagram,UNKNOWN,1.08,0,0,0.00,22,night,0,0,65,HIGH,64,80,71,42
,2026-04-15,Wednesday,Instagram,UNKNOWN,0.67,0,0,0.00,22,night,0,0,65,HIGH,64,80,71,42
,2026-04-15,Wednesday,Instagram,UNKNOWN,0.67,0,0,0.00,22,night,0,0,65,HIGH,64,80,71,42
,2026-04-15,Wednesday,Instagram,UNKNOWN,1.43,0,0,0.00,22,night,0,0,65,HIGH,64,80,71,42
,2026-04-15,Wednesday,Instagram,UNKNOWN,1.43,0,0,0.00,22,night,0,0,65,HIGH,64,80,71,42
,2026-04-15,Wednesday,Instagram,UNKNOWN,1.56,0,0,0.00,22,night,0,0,65,HIGH,64,80,71,42
,2026-04-15,Wednesday,Instagram,UNKNOWN,1.56,0,0,0.00,22,night,0,0,65,HIGH,64,80,71,42
,2026-04-15,Wednesday,Instagram,UNKNOWN,1.59,0,0,0.00,22,night,0,0,65,HIGH,64,80,71,42
,2026-04-15,Wednesday,Instagram,UNKNOWN,8.89,0,0,0.00,22,night,1,1,65,HIGH,64,80,71,42
,2026-04-15,Wednesday,Instagram,UNKNOWN,8.89,0,0,0.00,22,night,1,1,65,HIGH,64,80,71,42
,2026-04-15,Wednesday,Instagram,UNKNOWN,3.44,0,0,0.00,22,night,0,0,65,HIGH,64,80,71,42
,2026-04-15,Wednesday,Instagram,UNKNOWN,3.44,0,0,0.00,22,night,0,0,65,HIGH,64,80,71,42
,2026-04-15,Wednesday,Instagram,UNKNOWN,8.93,0,0,0.00,22,night,1,1,65,HIGH,64,80,71,42
,2026-04-15,Wednesday,Instagram,UNKNOWN,3.77,0,0,0.00,21,evening,0,0,65,HIGH,64,80,71,42
,2026-04-15,Wednesday,Instagram,UNKNOWN,3.77,0,0,0.00,21,evening,0,0,65,HIGH,64,80,71,42
,2026-04-15,Wednesday,Instagram,UNKNOWN,15.46,0,0,0.00,20,evening,1,1,65,HIGH,64,80,71,42
,2026-04-15,Wednesday,Instagram,UNKNOWN,15.46,0,0,0.00,20,evening,1,1,65,HIGH,64,80,71,42
,2026-04-15,Wednesday,Instagram,UNKNOWN,6.45,0,0,0.00,19,evening,1,1,65,HIGH,64,80,71,42
,2026-04-15,Wednesday,Instagram,UNKNOWN,6.45,0,0,0.00,19,evening,1,1,65,HIGH,64,80,71,42
,2026-04-15,Wednesday,Instagram,UNKNOWN,5.58,0,0,0.00,19,evening,1,1,65,HIGH,64,80,71,42
,2026-04-15,Wednesday,Instagram,UNKNOWN,5.58,0,0,0.00,19,evening,1,1,65,HIGH,64,80,71,42
,2026-04-15,Wednesday,Instagram,UNKNOWN,0.70,0,0,0.00,19,evening,0,0,65,HIGH,64,80,71,42
,2026-04-15,Wednesday,Instagram,UNKNOWN,0.70,0,0,0.00,19,evening,0,0,65,HIGH,64,80,71,42
,2026-04-15,Wednesday,Instagram,UNKNOWN,5.20,0,0,0.00,19,evening,1,1,65,HIGH,64,80,71,42
,2026-04-15,Wednesday,Instagram,UNKNOWN,5.20,0,0,0.00,19,evening,1,1,65,HIGH,64,80,71,42
,2026-04-15,Wednesday,Instagram,UNKNOWN,3.70,0,0,0.00,19,evening,0,0,65,HIGH,64,80,71,42
,2026-04-15,Wednesday,Instagram,UNKNOWN,0.98,0,0,0.00,19,evening,0,0,65,HIGH,64,80,71,42
,2026-04-15,Wednesday,Instagram,UNKNOWN,0.98,0,0,0.00,19,evening,0,0,65,HIGH,64,80,71,42
,2026-04-15,Wednesday,Instagram,UNKNOWN,1.02,0,0,0.00,19,evening,0,0,65,HIGH,64,80,71,42
,2026-04-15,Wednesday,Instagram,UNKNOWN,16.43,0,0,0.00,19,evening,1,1,65,HIGH,64,80,71,42
,2026-04-15,Wednesday,Instagram,UNKNOWN,16.43,0,0,0.00,19,evening,1,1,65,HIGH,64,80,71,42
,2026-04-15,Wednesday,Instagram,UNKNOWN,0.53,0,0,0.00,19,evening,0,0,65,HIGH,64,80,71,42
,2026-04-15,Wednesday,Instagram,UNKNOWN,0.53,0,0,0.00,19,evening,0,0,65,HIGH,64,80,71,42
,2026-04-15,Wednesday,Instagram,UNKNOWN,3.77,0,0,0.00,19,evening,0,0,65,HIGH,64,80,71,42
,2026-04-15,Wednesday,Instagram,UNKNOWN,0.54,0,0,0.00,19,evening,0,0,65,HIGH,64,80,71,42
,2026-04-15,Wednesday,Instagram,UNKNOWN,0.54,0,0,0.00,19,evening,0,0,65,HIGH,64,80,71,42
,2026-04-15,Wednesday,Instagram,UNKNOWN,1.79,0,0,0.00,19,evening,0,0,65,HIGH,64,80,71,42
,2026-04-15,Wednesday,Instagram,UNKNOWN,0.87,0,0,0.00,18,evening,0,0,65,HIGH,64,80,71,42
,2026-04-15,Wednesday,Instagram,UNKNOWN,19.88,0,0,0.00,16,afternoon,1,1,65,HIGH,64,80,71,42
,2026-04-15,Wednesday,TikTok,UNKNOWN,0.72,0,0,0.00,15,afternoon,0,0,65,HIGH,64,80,71,42
,2026-04-15,Wednesday,Instagram,UNKNOWN,0.86,0,0,0.00,15,afternoon,0,0,65,HIGH,64,80,71,42
,2026-04-15,Wednesday,Instagram,UNKNOWN,0.86,0,0,0.00,15,afternoon,0,0,65,HIGH,64,80,71,42
,2026-04-15,Wednesday,TikTok,UNKNOWN,0.88,0,0,0.00,15,afternoon,0,0,65,HIGH,64,80,71,42
,2026-04-15,Wednesday,TikTok,UNKNOWN,0.92,0,0,0.00,15,afternoon,0,0,65,HIGH,64,80,71,42
,2026-04-15,Wednesday,TikTok,UNKNOWN,0.92,0,0,0.00,15,afternoon,0,0,65,HIGH,64,80,71,42
,2026-04-15,Wednesday,TikTok,UNKNOWN,0.73,0,0,0.00,15,afternoon,0,0,65,HIGH,64,80,71,42
,2026-04-15,Wednesday,TikTok,UNKNOWN,0.73,0,0,0.00,15,afternoon,0,0,65,HIGH,64,80,71,42
,2026-04-15,Wednesday,TikTok,UNKNOWN,0.63,0,0,0.00,15,afternoon,0,0,65,HIGH,64,80,71,42
,2026-04-15,Wednesday,TikTok,UNKNOWN,1.01,0,0,0.00,14,afternoon,0,0,65,HIGH,64,80,71,42
,2026-04-15,Wednesday,TikTok,UNKNOWN,0.51,0,0,0.00,14,afternoon,0,0,65,HIGH,64,80,71,42
,2026-04-15,Wednesday,TikTok,UNKNOWN,0.51,0,0,0.00,14,afternoon,0,0,65,HIGH,64,80,71,42
,2026-04-15,Wednesday,TikTok,UNKNOWN,0.52,0,0,0.00,13,afternoon,0,0,65,HIGH,64,80,71,42
,2026-04-15,Wednesday,TikTok,UNKNOWN,0.52,0,0,0.00,13,afternoon,0,0,65,HIGH,64,80,71,42
,2026-04-15,Wednesday,TikTok,UNKNOWN,0.66,0,0,0.00,13,afternoon,0,0,65,HIGH,64,80,71,42
,2026-04-15,Wednesday,TikTok,UNKNOWN,0.66,0,0,0.00,13,afternoon,0,0,65,HIGH,64,80,71,42
,2026-04-15,Wednesday,TikTok,UNKNOWN,4.27,0,0,0.00,13,afternoon,0,0,65,HIGH,64,80,71,42
,2026-04-15,Wednesday,TikTok,UNKNOWN,4.27,0,0,0.00,13,afternoon,0,0,65,HIGH,64,80,71,42
,2026-04-15,Wednesday,TikTok,UNKNOWN,0.62,0,0,0.00,13,afternoon,0,0,65,HIGH,64,80,71,42
,2026-04-15,Wednesday,TikTok,UNKNOWN,0.62,0,0,0.00,13,afternoon,0,0,65,HIGH,64,80,71,42
,2026-04-15,Wednesday,Instagram,UNKNOWN,1.17,0,0,0.00,13,afternoon,0,0,65,HIGH,64,80,71,42
,2026-04-15,Wednesday,Instagram,UNKNOWN,5.11,0,0,0.00,13,afternoon,1,1,65,HIGH,64,80,71,42
,2026-04-15,Wednesday,Instagram,UNKNOWN,2.49,0,0,0.00,13,afternoon,0,0,65,HIGH,64,80,71,42
,2026-04-15,Wednesday,Instagram,UNKNOWN,2.49,0,0,0.00,13,afternoon,0,0,65,HIGH,64,80,71,42
,2026-04-15,Wednesday,Instagram,UNKNOWN,0.63,0,0,0.00,12,afternoon,0,0,65,HIGH,64,80,71,42
,2026-04-15,Wednesday,Instagram,UNKNOWN,0.63,0,0,0.00,12,afternoon,0,0,65,HIGH,64,80,71,42
,2026-04-15,Wednesday,Instagram,UNKNOWN,0.87,0,0,0.00,12,afternoon,0,0,65,HIGH,64,80,71,42
,2026-04-15,Wednesday,Instagram,UNKNOWN,0.87,0,0,0.00,12,afternoon,0,0,65,HIGH,64,80,71,42
,2026-04-15,Wednesday,Instagram,UNKNOWN,1.00,0,0,0.00,12,afternoon,0,0,65,HIGH,64,80,71,42
,2026-04-15,Wednesday,Instagram,UNKNOWN,1.00,0,0,0.00,12,afternoon,0,0,65,HIGH,64,80,71,42
,2026-04-15,Wednesday,Instagram,UNKNOWN,0.61,0,0,0.00,12,afternoon,0,0,65,HIGH,64,80,71,42
,2026-04-15,Wednesday,Instagram,UNKNOWN,1.03,0,0,0.00,12,afternoon,0,0,65,HIGH,64,80,71,42
,2026-04-15,Wednesday,Instagram,UNKNOWN,1.03,0,0,0.00,12,afternoon,0,0,65,HIGH,64,80,71,42
,2026-04-15,Wednesday,TikTok,UNKNOWN,0.77,0,0,0.00,11,morning,0,0,65,HIGH,64,80,71,42
,2026-04-15,Wednesday,TikTok,UNKNOWN,0.77,0,0,0.00,11,morning,0,0,65,HIGH,64,80,71,42
,2026-04-15,Wednesday,TikTok,UNKNOWN,1.48,0,0,0.00,11,morning,0,0,65,HIGH,64,80,71,42
,2026-04-15,Wednesday,TikTok,UNKNOWN,0.69,0,0,0.00,11,morning,0,0,65,HIGH,64,80,71,42
,2026-04-15,Wednesday,TikTok,UNKNOWN,0.70,0,0,0.00,11,morning,0,0,65,HIGH,64,80,71,42
,2026-04-15,Wednesday,TikTok,UNKNOWN,0.70,0,0,0.00,11,morning,0,0,65,HIGH,64,80,71,42
,2026-04-15,Wednesday,Instagram,UNKNOWN,0.55,0,0,0.00,10,morning,0,0,65,HIGH,64,80,71,42
,2026-04-15,Wednesday,Instagram,UNKNOWN,0.55,0,0,0.00,10,morning,0,0,65,HIGH,64,80,71,42
,2026-04-15,Wednesday,Instagram,UNKNOWN,24.48,0,0,0.00,10,morning,1,1,65,HIGH,64,80,71,42
,2026-04-15,Wednesday,Instagram,UNKNOWN,0.59,0,0,0.00,10,morning,0,0,65,HIGH,64,80,71,42
,2026-04-15,Wednesday,Instagram,UNKNOWN,0.59,0,0,0.00,10,morning,0,0,65,HIGH,64,80,71,42
,2026-04-15,Wednesday,Instagram,UNKNOWN,1.98,0,0,0.00,10,morning,0,0,65,HIGH,64,80,71,42
,2026-04-15,Wednesday,Instagram,UNKNOWN,0.85,0,0,0.00,10,morning,0,0,65,HIGH,64,80,71,42
,2026-04-15,Wednesday,Instagram,UNKNOWN,0.85,0,0,0.00,10,morning,0,0,65,HIGH,64,80,71,42
,2026-04-15,Wednesday,Instagram,UNKNOWN,0.82,0,0,0.00,10,morning,0,0,65,HIGH,64,80,71,42
,2026-04-15,Wednesday,TikTok,UNKNOWN,32.57,0,0,0.00,1,night,1,1,65,HIGH,64,80,71,42
,2026-04-15,Wednesday,TikTok,UNKNOWN,32.57,0,0,0.00,1,night,1,1,65,HIGH,64,80,71,42
,2026-04-15,Wednesday,TikTok,UNKNOWN,11.81,0,0,0.00,0,night,1,1,65,HIGH,64,80,71,42
,2026-04-15,Wednesday,Instagram,UNKNOWN,7.42,0,0,0.00,0,night,1,1,65,HIGH,64,80,71,42
,2026-04-15,Wednesday,Instagram,UNKNOWN,7.42,0,0,0.00,0,night,1,1,65,HIGH,64,80,71,42
,2026-04-15,Wednesday,Instagram,UNKNOWN,2.99,0,0,0.00,0,night,0,0,65,HIGH,64,80,71,42
,2026-04-15,Wednesday,Instagram,UNKNOWN,2.99,0,0,0.00,0,night,0,0,65,HIGH,64,80,71,42
,2026-04-15,Wednesday,Instagram,UNKNOWN,2.35,0,0,0.00,0,night,0,0,65,HIGH,64,80,71,42
,2026-04-15,Wednesday,Instagram,UNKNOWN,2.35,0,0,0.00,0,night,0,0,65,HIGH,64,80,71,42
,2026-04-15,Wednesday,Instagram,UNKNOWN,0.88,0,0,0.00,0,night,0,0,65,HIGH,64,80,71,42
,2026-04-15,Wednesday,Instagram,UNKNOWN,0.88,0,0,0.00,0,night,0,0,65,HIGH,64,80,71,42
,2026-04-15,Wednesday,Instagram,UNKNOWN,1.38,0,0,0.00,0,night,0,0,65,HIGH,64,80,71,42
,2026-04-15,Wednesday,Instagram,UNKNOWN,0.99,0,0,0.00,0,night,0,0,65,HIGH,64,80,71,42
,2026-04-14,Tuesday,TikTok,UNKNOWN,4.06,0,0,0.00,23,night,0,0,71,HIGH,71,84,84,38
,2026-04-14,Tuesday,TikTok,UNKNOWN,4.06,0,0,0.00,23,night,0,0,71,HIGH,71,84,84,38
,2026-04-14,Tuesday,TikTok,UNKNOWN,1.46,0,0,0.00,23,night,0,0,71,HIGH,71,84,84,38
,2026-04-14,Tuesday,TikTok,UNKNOWN,1.46,0,0,0.00,23,night,0,0,71,HIGH,71,84,84,38
,2026-04-14,Tuesday,TikTok,UNKNOWN,0.82,0,0,0.00,23,night,0,0,71,HIGH,71,84,84,38
,2026-04-14,Tuesday,TikTok,UNKNOWN,0.82,0,0,0.00,23,night,0,0,71,HIGH,71,84,84,38
,2026-04-14,Tuesday,TikTok,UNKNOWN,1.10,0,0,0.00,23,night,0,0,71,HIGH,71,84,84,38
,2026-04-14,Tuesday,TikTok,UNKNOWN,1.40,0,0,0.00,23,night,0,0,71,HIGH,71,84,84,38
,2026-04-14,Tuesday,TikTok,UNKNOWN,1.40,0,0,0.00,23,night,0,0,71,HIGH,71,84,84,38
,2026-04-14,Tuesday,TikTok,UNKNOWN,3.70,0,0,0.00,23,night,0,0,71,HIGH,71,84,84,38
,2026-04-14,Tuesday,TikTok,UNKNOWN,12.78,0,0,0.00,23,night,1,1,71,HIGH,71,84,84,38
,2026-04-14,Tuesday,TikTok,UNKNOWN,4.32,0,0,0.00,23,night,0,0,71,HIGH,71,84,84,38
,2026-04-14,Tuesday,TikTok,UNKNOWN,4.32,0,0,0.00,23,night,0,0,71,HIGH,71,84,84,38
,2026-04-14,Tuesday,Instagram,UNKNOWN,2.00,0,0,0.00,23,night,0,0,71,HIGH,71,84,84,38
,2026-04-14,Tuesday,Instagram,UNKNOWN,1.08,0,0,0.00,23,night,0,0,71,HIGH,71,84,84,38
,2026-04-14,Tuesday,Instagram,UNKNOWN,1.08,0,0,0.00,23,night,0,0,71,HIGH,71,84,84,38
,2026-04-14,Tuesday,Instagram,UNKNOWN,1.22,0,0,0.00,23,night,0,0,71,HIGH,71,84,84,38
,2026-04-14,Tuesday,Instagram,UNKNOWN,1.22,0,0,0.00,23,night,0,0,71,HIGH,71,84,84,38
,2026-04-14,Tuesday,Instagram,UNKNOWN,1.11,0,0,0.00,23,night,0,0,71,HIGH,71,84,84,38
,2026-04-14,Tuesday,Instagram,UNKNOWN,1.98,0,0,0.00,23,night,0,0,71,HIGH,71,84,84,38
,2026-04-14,Tuesday,TikTok,UNKNOWN,1.94,0,0,0.00,22,night,0,0,71,HIGH,71,84,84,38
,2026-04-14,Tuesday,TikTok,UNKNOWN,1.86,0,0,0.00,22,night,0,0,71,HIGH,71,84,84,38
,2026-04-14,Tuesday,TikTok,UNKNOWN,1.86,0,0,0.00,22,night,0,0,71,HIGH,71,84,84,38
,2026-04-14,Tuesday,TikTok,UNKNOWN,11.89,0,0,0.00,22,night,1,1,71,HIGH,71,84,84,38
,2026-04-14,Tuesday,TikTok,UNKNOWN,11.89,0,0,0.00,22,night,1,1,71,HIGH,71,84,84,38
,2026-04-14,Tuesday,TikTok,UNKNOWN,1.96,0,0,0.00,22,night,0,0,71,HIGH,71,84,84,38
,2026-04-14,Tuesday,TikTok,UNKNOWN,1.96,0,0,0.00,22,night,0,0,71,HIGH,71,84,84,38
,2026-04-14,Tuesday,Instagram,UNKNOWN,2.89,0,0,0.00,22,night,0,0,71,HIGH,71,84,84,38
,2026-04-14,Tuesday,Instagram,UNKNOWN,2.89,0,0,0.00,22,night,0,0,71,HIGH,71,84,84,38
,2026-04-14,Tuesday,Instagram,UNKNOWN,0.82,0,0,0.00,22,night,0,0,71,HIGH,71,84,84,38
,2026-04-14,Tuesday,Instagram,UNKNOWN,0.82,0,0,0.00,22,night,0,0,71,HIGH,71,84,84,38
,2026-04-14,Tuesday,Instagram,UNKNOWN,0.82,0,0,0.00,22,night,0,0,71,HIGH,71,84,84,38
,2026-04-14,Tuesday,Instagram,UNKNOWN,0.82,0,0,0.00,22,night,0,0,71,HIGH,71,84,84,38
,2026-04-14,Tuesday,Instagram,UNKNOWN,0.56,0,0,0.00,22,night,0,0,71,HIGH,71,84,84,38
,2026-04-14,Tuesday,Instagram,UNKNOWN,1.16,0,0,0.00,22,night,0,0,71,HIGH,71,84,84,38
,2026-04-14,Tuesday,Instagram,UNKNOWN,1.14,0,0,0.00,21,evening,0,0,71,HIGH,71,84,84,38
,2026-04-14,Tuesday,Instagram,UNKNOWN,1.14,0,0,0.00,21,evening,0,0,71,HIGH,71,84,84,38
,2026-04-14,Tuesday,Instagram,UNKNOWN,1.38,0,0,0.00,21,evening,0,0,71,HIGH,71,84,84,38
,2026-04-14,Tuesday,Instagram,UNKNOWN,1.38,0,0,0.00,21,evening,0,0,71,HIGH,71,84,84,38
,2026-04-14,Tuesday,Instagram,UNKNOWN,1.66,0,0,0.00,21,evening,0,0,71,HIGH,71,84,84,38
,2026-04-14,Tuesday,Instagram,UNKNOWN,5.67,0,0,0.00,21,evening,1,1,71,HIGH,71,84,84,38
,2026-04-14,Tuesday,Instagram,UNKNOWN,4.80,0,0,0.00,21,evening,0,0,71,HIGH,71,84,84,38
,2026-04-14,Tuesday,Instagram,UNKNOWN,4.80,0,0,0.00,21,evening,0,0,71,HIGH,71,84,84,38
,2026-04-14,Tuesday,Instagram,UNKNOWN,11.07,0,0,0.00,21,evening,1,1,71,HIGH,71,84,84,38
,2026-04-14,Tuesday,Instagram,UNKNOWN,11.07,0,0,0.00,21,evening,1,1,71,HIGH,71,84,84,38
,2026-04-14,Tuesday,Instagram,UNKNOWN,3.03,0,0,0.00,21,evening,0,0,71,HIGH,71,84,84,38
,2026-04-14,Tuesday,Instagram,UNKNOWN,3.03,0,0,0.00,21,evening,0,0,71,HIGH,71,84,84,38
,2026-04-14,Tuesday,Instagram,UNKNOWN,1.97,0,0,0.00,21,evening,0,0,71,HIGH,71,84,84,38
,2026-04-14,Tuesday,Instagram,UNKNOWN,1.97,0,0,0.00,21,evening,0,0,71,HIGH,71,84,84,38
,2026-04-14,Tuesday,Instagram,UNKNOWN,0.93,0,0,0.00,21,evening,0,0,71,HIGH,71,84,84,38
,2026-04-14,Tuesday,Instagram,UNKNOWN,0.80,0,0,0.00,21,evening,0,0,71,HIGH,71,84,84,38
,2026-04-14,Tuesday,Instagram,UNKNOWN,0.80,0,0,0.00,21,evening,0,0,71,HIGH,71,84,84,38
,2026-04-14,Tuesday,Instagram,UNKNOWN,0.88,0,0,0.00,21,evening,0,0,71,HIGH,71,84,84,38
,2026-04-14,Tuesday,Instagram,UNKNOWN,0.71,0,0,0.00,20,evening,0,0,71,HIGH,71,84,84,38
,2026-04-14,Tuesday,Instagram,UNKNOWN,0.57,0,0,0.00,20,evening,0,0,71,HIGH,71,84,84,38
,2026-04-14,Tuesday,Instagram,UNKNOWN,0.57,0,0,0.00,20,evening,0,0,71,HIGH,71,84,84,38
,2026-04-14,Tuesday,Instagram,UNKNOWN,0.71,0,0,0.00,20,evening,0,0,71,HIGH,71,84,84,38
,2026-04-14,Tuesday,Instagram,UNKNOWN,0.71,0,0,0.00,20,evening,0,0,71,HIGH,71,84,84,38
,2026-04-14,Tuesday,Instagram,UNKNOWN,1.19,0,0,0.00,20,evening,0,0,71,HIGH,71,84,84,38
,2026-04-14,Tuesday,Instagram,UNKNOWN,3.45,0,0,0.00,20,evening,0,0,71,HIGH,71,84,84,38
,2026-04-14,Tuesday,Instagram,UNKNOWN,3.45,0,0,0.00,20,evening,0,0,71,HIGH,71,84,84,38
,2026-04-14,Tuesday,Instagram,UNKNOWN,0.73,0,0,0.00,20,evening,0,0,71,HIGH,71,84,84,38
,2026-04-14,Tuesday,Instagram,UNKNOWN,1.33,0,0,0.00,20,evening,0,0,71,HIGH,71,84,84,38
,2026-04-14,Tuesday,Instagram,UNKNOWN,1.33,0,0,0.00,20,evening,0,0,71,HIGH,71,84,84,38
,2026-04-14,Tuesday,Instagram,UNKNOWN,0.96,0,0,0.00,20,evening,0,0,71,HIGH,71,84,84,38
,2026-04-14,Tuesday,Instagram,UNKNOWN,0.96,0,0,0.00,20,evening,0,0,71,HIGH,71,84,84,38
,2026-04-14,Tuesday,Instagram,UNKNOWN,2.17,0,0,0.00,20,evening,0,0,71,HIGH,71,84,84,38
,2026-04-14,Tuesday,Instagram,UNKNOWN,2.17,0,0,0.00,20,evening,0,0,71,HIGH,71,84,84,38
,2026-04-14,Tuesday,Instagram,UNKNOWN,0.57,0,0,0.00,20,evening,0,0,71,HIGH,71,84,84,38
,2026-04-14,Tuesday,Instagram,UNKNOWN,0.82,0,0,0.00,20,evening,0,0,71,HIGH,71,84,84,38
,2026-04-14,Tuesday,Instagram,UNKNOWN,0.82,0,0,0.00,20,evening,0,0,71,HIGH,71,84,84,38
,2026-04-14,Tuesday,Instagram,UNKNOWN,1.94,0,0,0.00,20,evening,0,0,71,HIGH,71,84,84,38
,2026-04-14,Tuesday,Instagram,UNKNOWN,1.94,0,0,0.00,20,evening,0,0,71,HIGH,71,84,84,38
,2026-04-14,Tuesday,Instagram,UNKNOWN,1.18,0,0,0.00,20,evening,0,0,71,HIGH,71,84,84,38
,2026-04-14,Tuesday,Instagram,UNKNOWN,1.18,0,0,0.00,20,evening,0,0,71,HIGH,71,84,84,38
,2026-04-14,Tuesday,Instagram,UNKNOWN,1.96,0,0,0.00,20,evening,0,0,71,HIGH,71,84,84,38
,2026-04-14,Tuesday,Instagram,UNKNOWN,1.96,0,0,0.00,20,evening,0,0,71,HIGH,71,84,84,38
,2026-04-14,Tuesday,Instagram,UNKNOWN,0.66,0,0,0.00,20,evening,0,0,71,HIGH,71,84,84,38
,2026-04-14,Tuesday,Instagram,UNKNOWN,0.66,0,0,0.00,20,evening,0,0,71,HIGH,71,84,84,38
,2026-04-14,Tuesday,Instagram,UNKNOWN,0.51,0,0,0.00,20,evening,0,0,71,HIGH,71,84,84,38
,2026-04-14,Tuesday,Instagram,UNKNOWN,0.51,0,0,0.00,20,evening,0,0,71,HIGH,71,84,84,38
,2026-04-14,Tuesday,Snapchat,UNKNOWN,3.34,0,0,0.00,20,evening,0,0,71,HIGH,71,84,84,38
,2026-04-14,Tuesday,Snapchat,UNKNOWN,3.34,0,0,0.00,20,evening,0,0,71,HIGH,71,84,84,38
,2026-04-14,Tuesday,Instagram,UNKNOWN,2.52,0,0,0.00,20,evening,0,0,71,HIGH,71,84,84,38
,2026-04-14,Tuesday,Instagram,UNKNOWN,2.52,0,0,0.00,20,evening,0,0,71,HIGH,71,84,84,38
,2026-04-14,Tuesday,Instagram,UNKNOWN,13.42,0,0,0.00,19,evening,1,1,71,HIGH,71,84,84,38
,2026-04-14,Tuesday,Instagram,UNKNOWN,13.42,0,0,0.00,19,evening,1,1,71,HIGH,71,84,84,38
,2026-04-14,Tuesday,Instagram,UNKNOWN,30.08,0,0,0.00,19,evening,1,1,71,HIGH,71,84,84,38
,2026-04-14,Tuesday,Instagram,UNKNOWN,30.08,0,0,0.00,19,evening,1,1,71,HIGH,71,84,84,38
,2026-04-14,Tuesday,Instagram,UNKNOWN,0.60,0,0,0.00,19,evening,0,0,71,HIGH,71,84,84,38
,2026-04-14,Tuesday,Instagram,UNKNOWN,0.60,0,0,0.00,19,evening,0,0,71,HIGH,71,84,84,38
,2026-04-14,Tuesday,Instagram,UNKNOWN,1.15,0,0,0.00,19,evening,0,0,71,HIGH,71,84,84,38
,2026-04-14,Tuesday,Instagram,UNKNOWN,1.15,0,0,0.00,19,evening,0,0,71,HIGH,71,84,84,38
,2026-04-14,Tuesday,Instagram,UNKNOWN,1.46,0,0,0.00,19,evening,0,0,71,HIGH,71,84,84,38
,2026-04-14,Tuesday,Instagram,UNKNOWN,1.46,0,0,0.00,19,evening,0,0,71,HIGH,71,84,84,38
,2026-04-14,Tuesday,Instagram,UNKNOWN,4.32,0,0,0.00,18,evening,0,0,71,HIGH,71,84,84,38
,2026-04-14,Tuesday,Instagram,UNKNOWN,4.32,0,0,0.00,18,evening,0,0,71,HIGH,71,84,84,38
,2026-04-14,Tuesday,Instagram,UNKNOWN,1.97,0,0,0.00,18,evening,0,0,71,HIGH,71,84,84,38
,2026-04-14,Tuesday,Instagram,UNKNOWN,1.97,0,0,0.00,18,evening,0,0,71,HIGH,71,84,84,38
,2026-04-14,Tuesday,Instagram,UNKNOWN,2.00,0,0,0.00,18,evening,0,0,71,HIGH,71,84,84,38
,2026-04-14,Tuesday,Instagram,UNKNOWN,2.00,0,0,0.00,18,evening,0,0,71,HIGH,71,84,84,38
,2026-04-14,Tuesday,Instagram,UNKNOWN,0.74,0,0,0.00,18,evening,0,0,71,HIGH,71,84,84,38
,2026-04-14,Tuesday,TikTok,UNKNOWN,0.89,0,0,0.00,18,evening,0,0,71,HIGH,71,84,84,38
,2026-04-14,Tuesday,TikTok,UNKNOWN,0.89,0,0,0.00,18,evening,0,0,71,HIGH,71,84,84,38
,2026-04-14,Tuesday,Instagram,UNKNOWN,0.54,0,0,0.00,18,evening,0,0,71,HIGH,71,84,84,38
,2026-04-14,Tuesday,Instagram,UNKNOWN,0.79,0,0,0.00,18,evening,0,0,71,HIGH,71,84,84,38
,2026-04-14,Tuesday,Instagram,UNKNOWN,3.28,0,0,0.00,17,evening,0,0,71,HIGH,71,84,84,38
,2026-04-14,Tuesday,Instagram,UNKNOWN,0.53,0,0,0.00,17,evening,0,0,71,HIGH,71,84,84,38
,2026-04-14,Tuesday,Instagram,UNKNOWN,15.36,0,0,0.00,17,evening,1,1,71,HIGH,71,84,84,38
,2026-04-14,Tuesday,Instagram,UNKNOWN,15.36,0,0,0.00,17,evening,1,1,71,HIGH,71,84,84,38
,2026-04-14,Tuesday,Instagram,UNKNOWN,1.41,0,0,0.00,16,afternoon,0,0,71,HIGH,71,84,84,38
,2026-04-14,Tuesday,Instagram,UNKNOWN,1.41,0,0,0.00,16,afternoon,0,0,71,HIGH,71,84,84,38
,2026-04-14,Tuesday,Instagram,UNKNOWN,1.55,0,0,0.00,16,afternoon,0,0,71,HIGH,71,84,84,38
,2026-04-14,Tuesday,Instagram,UNKNOWN,7.91,0,0,0.00,16,afternoon,1,1,71,HIGH,71,84,84,38
,2026-04-14,Tuesday,Instagram,UNKNOWN,1.98,0,0,0.00,16,afternoon,0,0,71,HIGH,71,84,84,38
,2026-04-14,Tuesday,Instagram,UNKNOWN,0.61,0,0,0.00,16,afternoon,0,0,71,HIGH,71,84,84,38
,2026-04-14,Tuesday,Instagram,UNKNOWN,3.15,0,0,0.00,16,afternoon,0,0,71,HIGH,71,84,84,38
,2026-04-14,Tuesday,Instagram,UNKNOWN,3.15,0,0,0.00,16,afternoon,0,0,71,HIGH,71,84,84,38
,2026-04-14,Tuesday,Instagram,UNKNOWN,2.55,0,0,0.00,15,afternoon,0,0,71,HIGH,71,84,84,38
,2026-04-14,Tuesday,Instagram,UNKNOWN,2.55,0,0,0.00,15,afternoon,0,0,71,HIGH,71,84,84,38
,2026-04-14,Tuesday,Instagram,UNKNOWN,0.59,0,0,0.00,15,afternoon,0,0,71,HIGH,71,84,84,38
,2026-04-14,Tuesday,Instagram,UNKNOWN,7.36,0,0,0.00,15,afternoon,1,1,71,HIGH,71,84,84,38
,2026-04-14,Tuesday,Instagram,UNKNOWN,7.36,0,0,0.00,15,afternoon,1,1,71,HIGH,71,84,84,38
,2026-04-14,Tuesday,Instagram,UNKNOWN,0.62,0,0,0.00,15,afternoon,0,0,71,HIGH,71,84,84,38
,2026-04-14,Tuesday,Instagram,UNKNOWN,3.46,0,0,0.00,15,afternoon,0,0,71,HIGH,71,84,84,38
,2026-04-14,Tuesday,Instagram,UNKNOWN,3.46,0,0,0.00,15,afternoon,0,0,71,HIGH,71,84,84,38
,2026-04-14,Tuesday,Instagram,UNKNOWN,1.39,0,0,0.00,15,afternoon,0,0,71,HIGH,71,84,84,38
,2026-04-14,Tuesday,Instagram,UNKNOWN,1.39,0,0,0.00,15,afternoon,0,0,71,HIGH,71,84,84,38
,2026-04-14,Tuesday,Instagram,UNKNOWN,0.51,0,0,0.00,15,afternoon,0,0,71,HIGH,71,84,84,38
,2026-04-14,Tuesday,Instagram,UNKNOWN,0.72,0,0,0.00,15,afternoon,0,0,71,HIGH,71,84,84,38
,2026-04-14,Tuesday,Instagram,UNKNOWN,0.72,0,0,0.00,15,afternoon,0,0,71,HIGH,71,84,84,38
,2026-04-14,Tuesday,Instagram,UNKNOWN,2.13,0,0,0.00,15,afternoon,0,0,71,HIGH,71,84,84,38
,2026-04-14,Tuesday,Instagram,UNKNOWN,2.13,0,0,0.00,15,afternoon,0,0,71,HIGH,71,84,84,38
,2026-04-14,Tuesday,Instagram,UNKNOWN,0.55,0,0,0.00,14,afternoon,0,0,71,HIGH,71,84,84,38
,2026-04-14,Tuesday,Instagram,UNKNOWN,0.55,0,0,0.00,14,afternoon,0,0,71,HIGH,71,84,84,38
,2026-04-14,Tuesday,Instagram,UNKNOWN,0.73,0,0,0.00,14,afternoon,0,0,71,HIGH,71,84,84,38
,2026-04-14,Tuesday,Instagram,UNKNOWN,0.70,0,0,0.00,14,afternoon,0,0,71,HIGH,71,84,84,38
,2026-04-14,Tuesday,Instagram,UNKNOWN,0.70,0,0,0.00,14,afternoon,0,0,71,HIGH,71,84,84,38
,2026-04-14,Tuesday,Instagram,UNKNOWN,0.53,0,0,0.00,14,afternoon,0,0,71,HIGH,71,84,84,38
,2026-04-14,Tuesday,Instagram,UNKNOWN,0.53,0,0,0.00,14,afternoon,0,0,71,HIGH,71,84,84,38
,2026-04-14,Tuesday,Instagram,UNKNOWN,12.27,0,0,0.00,13,afternoon,1,1,71,HIGH,71,84,84,38
,2026-04-14,Tuesday,Instagram,UNKNOWN,19.13,0,0,0.00,13,afternoon,1,1,71,HIGH,71,84,84,38
,2026-04-14,Tuesday,Instagram,UNKNOWN,16.67,0,0,0.00,13,afternoon,1,1,71,HIGH,71,84,84,38
,2026-04-14,Tuesday,Instagram,UNKNOWN,16.67,0,0,0.00,13,afternoon,1,1,71,HIGH,71,84,84,38
,2026-04-14,Tuesday,Instagram,UNKNOWN,0.97,0,0,0.00,13,afternoon,0,0,71,HIGH,71,84,84,38
,2026-04-14,Tuesday,Instagram,UNKNOWN,0.97,0,0,0.00,13,afternoon,0,0,71,HIGH,71,84,84,38
,2026-04-14,Tuesday,Instagram,UNKNOWN,0.54,0,0,0.00,13,afternoon,0,0,71,HIGH,71,84,84,38
,2026-04-14,Tuesday,Instagram,UNKNOWN,0.77,0,0,0.00,13,afternoon,0,0,71,HIGH,71,84,84,38
,2026-04-14,Tuesday,Instagram,UNKNOWN,0.77,0,0,0.00,13,afternoon,0,0,71,HIGH,71,84,84,38
,2026-04-14,Tuesday,Instagram,UNKNOWN,9.76,0,0,0.00,12,afternoon,1,1,71,HIGH,71,84,84,38
,2026-04-14,Tuesday,Instagram,UNKNOWN,4.59,0,0,0.00,12,afternoon,0,0,71,HIGH,71,84,84,38
,2026-04-14,Tuesday,Instagram,UNKNOWN,4.59,0,0,0.00,12,afternoon,0,0,71,HIGH,71,84,84,38
,2026-04-14,Tuesday,Instagram,UNKNOWN,0.81,0,0,0.00,12,afternoon,0,0,71,HIGH,71,84,84,38
,2026-04-14,Tuesday,Instagram,UNKNOWN,0.81,0,0,0.00,12,afternoon,0,0,71,HIGH,71,84,84,38
,2026-04-14,Tuesday,Instagram,UNKNOWN,1.62,0,0,0.00,12,afternoon,0,0,71,HIGH,71,84,84,38
,2026-04-14,Tuesday,Instagram,UNKNOWN,1.62,0,0,0.00,12,afternoon,0,0,71,HIGH,71,84,84,38
,2026-04-14,Tuesday,Instagram,UNKNOWN,0.64,0,0,0.00,12,afternoon,0,0,71,HIGH,71,84,84,38
,2026-04-14,Tuesday,Instagram,UNKNOWN,0.64,0,0,0.00,12,afternoon,0,0,71,HIGH,71,84,84,38
,2026-04-14,Tuesday,Instagram,UNKNOWN,1.01,0,0,0.00,12,afternoon,0,0,71,HIGH,71,84,84,38
,2026-04-14,Tuesday,Instagram,UNKNOWN,1.27,0,0,0.00,12,afternoon,0,0,71,HIGH,71,84,84,38
,2026-04-14,Tuesday,Instagram,UNKNOWN,1.27,0,0,0.00,12,afternoon,0,0,71,HIGH,71,84,84,38
,2026-04-14,Tuesday,Instagram,UNKNOWN,0.66,0,0,0.00,12,afternoon,0,0,71,HIGH,71,84,84,38
,2026-04-14,Tuesday,Instagram,UNKNOWN,0.66,0,0,0.00,12,afternoon,0,0,71,HIGH,71,84,84,38
,2026-04-14,Tuesday,Instagram,UNKNOWN,2.52,0,0,0.00,12,afternoon,0,0,71,HIGH,71,84,84,38
,2026-04-14,Tuesday,Instagram,UNKNOWN,2.52,0,0,0.00,12,afternoon,0,0,71,HIGH,71,84,84,38
,2026-04-14,Tuesday,YouTube,UNKNOWN,2.73,0,0,0.00,12,afternoon,0,0,71,HIGH,71,84,84,38
,2026-04-14,Tuesday,YouTube,UNKNOWN,2.73,0,0,0.00,12,afternoon,0,0,71,HIGH,71,84,84,38
,2026-04-14,Tuesday,Instagram,UNKNOWN,1.06,0,0,0.00,12,afternoon,0,0,71,HIGH,71,84,84,38
,2026-04-14,Tuesday,Instagram,UNKNOWN,1.41,0,0,0.00,12,afternoon,0,0,71,HIGH,71,84,84,38
,2026-04-14,Tuesday,Instagram,UNKNOWN,1.41,0,0,0.00,12,afternoon,0,0,71,HIGH,71,84,84,38
,2026-04-14,Tuesday,Instagram,UNKNOWN,1.14,0,0,0.00,12,afternoon,0,0,71,HIGH,71,84,84,38
,2026-04-14,Tuesday,Instagram,UNKNOWN,1.14,0,0,0.00,12,afternoon,0,0,71,HIGH,71,84,84,38
,2026-04-14,Tuesday,Instagram,UNKNOWN,0.89,0,0,0.00,12,afternoon,0,0,71,HIGH,71,84,84,38
,2026-04-14,Tuesday,Instagram,UNKNOWN,0.89,0,0,0.00,12,afternoon,0,0,71,HIGH,71,84,84,38
,2026-04-14,Tuesday,Instagram,UNKNOWN,0.81,0,0,0.00,12,afternoon,0,0,71,HIGH,71,84,84,38
,2026-04-14,Tuesday,Instagram,UNKNOWN,0.81,0,0,0.00,12,afternoon,0,0,71,HIGH,71,84,84,38
,2026-04-14,Tuesday,Instagram,UNKNOWN,1.06,0,0,0.00,12,afternoon,0,0,71,HIGH,71,84,84,38
,2026-04-14,Tuesday,Instagram,UNKNOWN,1.06,0,0,0.00,12,afternoon,0,0,71,HIGH,71,84,84,38
,2026-04-14,Tuesday,YouTube,UNKNOWN,69.90,0,0,0.00,10,morning,1,1,71,HIGH,71,84,84,38
,2026-04-14,Tuesday,YouTube,UNKNOWN,1.78,0,0,0.00,9,morning,0,0,71,HIGH,71,84,84,38
,2026-04-14,Tuesday,YouTube,UNKNOWN,1.78,0,0,0.00,9,morning,0,0,71,HIGH,71,84,84,38
,2026-04-14,Tuesday,YouTube,UNKNOWN,1.17,0,0,0.00,9,morning,0,0,71,HIGH,71,84,84,38
,2026-04-14,Tuesday,Instagram,UNKNOWN,11.51,0,0,0.00,9,morning,1,1,71,HIGH,71,84,84,38
,2026-04-14,Tuesday,Instagram,UNKNOWN,11.51,0,0,0.00,9,morning,1,1,71,HIGH,71,84,84,38
,2026-04-14,Tuesday,Instagram,UNKNOWN,6.10,0,0,0.00,9,morning,1,1,71,HIGH,71,84,84,38
,2026-04-14,Tuesday,Instagram,UNKNOWN,6.10,0,0,0.00,9,morning,1,1,71,HIGH,71,84,84,38
,2026-04-14,Tuesday,Instagram,UNKNOWN,0.52,0,0,0.00,9,morning,0,0,71,HIGH,71,84,84,38
,2026-04-14,Tuesday,Instagram,UNKNOWN,2.29,0,0,0.00,9,morning,0,0,71,HIGH,71,84,84,38
,2026-04-14,Tuesday,Instagram,UNKNOWN,2.29,0,0,0.00,9,morning,0,0,71,HIGH,71,84,84,38
,2026-04-14,Tuesday,Instagram,UNKNOWN,1.32,0,0,0.00,9,morning,0,0,71,HIGH,71,84,84,38
,2026-04-14,Tuesday,Instagram,UNKNOWN,1.32,0,0,0.00,9,morning,0,0,71,HIGH,71,84,84,38
,2026-04-14,Tuesday,Instagram,UNKNOWN,2.30,0,0,0.00,9,morning,0,0,71,HIGH,71,84,84,38
,2026-04-14,Tuesday,Instagram,UNKNOWN,4.49,0,0,0.00,9,morning,0,0,71,HIGH,71,84,84,38
,2026-04-14,Tuesday,Instagram,UNKNOWN,4.49,0,0,0.00,9,morning,0,0,71,HIGH,71,84,84,38
,2026-04-14,Tuesday,Instagram,UNKNOWN,0.65,0,0,0.00,9,morning,0,0,71,HIGH,71,84,84,38
,2026-04-14,Tuesday,Instagram,UNKNOWN,0.65,0,0,0.00,9,morning,0,0,71,HIGH,71,84,84,38
,2026-04-14,Tuesday,Instagram,UNKNOWN,0.89,0,0,0.00,9,morning,0,0,71,HIGH,71,84,84,38
,2026-04-14,Tuesday,Instagram,UNKNOWN,0.89,0,0,0.00,9,morning,0,0,71,HIGH,71,84,84,38
,2026-04-14,Tuesday,TikTok,UNKNOWN,21.27,0,0,0.00,2,night,1,1,71,HIGH,71,84,84,38
,2026-04-14,Tuesday,TikTok,UNKNOWN,21.27,0,0,0.00,2,night,1,1,71,HIGH,71,84,84,38
,2026-04-14,Tuesday,Instagram,UNKNOWN,1.42,0,0,0.00,1,night,0,0,71,HIGH,71,84,84,38
,2026-04-14,Tuesday,Instagram,UNKNOWN,2.62,0,0,0.00,1,night,0,0,71,HIGH,71,84,84,38
,2026-04-14,Tuesday,Instagram,UNKNOWN,5.43,0,0,0.00,1,night,1,1,71,HIGH,71,84,84,38
,2026-04-14,Tuesday,Instagram,UNKNOWN,5.43,0,0,0.00,1,night,1,1,71,HIGH,71,84,84,38
,2026-04-14,Tuesday,TikTok,UNKNOWN,5.71,0,0,0.00,0,night,1,1,71,HIGH,71,84,84,38
,2026-04-14,Tuesday,TikTok,UNKNOWN,8.58,0,0,0.00,0,night,1,1,71,HIGH,71,84,84,38
,2026-04-14,Tuesday,TikTok,UNKNOWN,8.58,0,0,0.00,0,night,1,1,71,HIGH,71,84,84,38
,2026-04-13,Monday,TikTok,UNKNOWN,10.83,0,0,0.00,23,night,1,1,62,HIGH,65,82,66,27
,2026-04-13,Monday,TikTok,UNKNOWN,10.83,0,0,0.00,23,night,1,1,62,HIGH,65,82,66,27
,2026-04-13,Monday,Instagram,UNKNOWN,3.17,0,0,0.00,23,night,0,0,62,HIGH,65,82,66,27
,2026-04-13,Monday,Instagram,UNKNOWN,3.17,0,0,0.00,23,night,0,0,62,HIGH,65,82,66,27
,2026-04-13,Monday,Instagram,UNKNOWN,11.46,0,0,0.00,23,night,1,1,62,HIGH,65,82,66,27
,2026-04-13,Monday,Instagram,UNKNOWN,0.50,0,0,0.00,23,night,0,0,62,HIGH,65,82,66,27
,2026-04-13,Monday,Instagram,UNKNOWN,0.50,0,0,0.00,23,night,0,0,62,HIGH,65,82,66,27
,2026-04-13,Monday,Instagram,UNKNOWN,7.58,0,0,0.00,23,night,1,1,62,HIGH,65,82,66,27
,2026-04-13,Monday,Instagram,UNKNOWN,7.58,0,0,0.00,23,night,1,1,62,HIGH,65,82,66,27
,2026-04-13,Monday,Instagram,UNKNOWN,0.85,0,0,0.00,23,night,0,0,62,HIGH,65,82,66,27
,2026-04-13,Monday,Instagram,UNKNOWN,0.85,0,0,0.00,23,night,0,0,62,HIGH,65,82,66,27
,2026-04-13,Monday,Instagram,UNKNOWN,0.90,0,0,0.00,23,night,0,0,62,HIGH,65,82,66,27
,2026-04-13,Monday,Instagram,UNKNOWN,0.65,0,0,0.00,23,night,0,0,62,HIGH,65,82,66,27
,2026-04-13,Monday,Instagram,UNKNOWN,0.65,0,0,0.00,23,night,0,0,62,HIGH,65,82,66,27
,2026-04-13,Monday,Instagram,UNKNOWN,1.74,0,0,0.00,23,night,0,0,62,HIGH,65,82,66,27
,2026-04-13,Monday,Instagram,UNKNOWN,1.03,0,0,0.00,23,night,0,0,62,HIGH,65,82,66,27
,2026-04-13,Monday,Instagram,UNKNOWN,0.75,0,0,0.00,23,night,0,0,62,HIGH,65,82,66,27
,2026-04-13,Monday,Instagram,UNKNOWN,0.75,0,0,0.00,23,night,0,0,62,HIGH,65,82,66,27
,2026-04-13,Monday,Instagram,UNKNOWN,1.13,0,0,0.00,23,night,0,0,62,HIGH,65,82,66,27
,2026-04-13,Monday,Instagram,UNKNOWN,1.13,0,0,0.00,23,night,0,0,62,HIGH,65,82,66,27
,2026-04-13,Monday,TikTok,UNKNOWN,13.60,0,0,0.00,22,night,1,1,62,HIGH,65,82,66,27
,2026-04-13,Monday,TikTok,UNKNOWN,13.60,0,0,0.00,22,night,1,1,62,HIGH,65,82,66,27
,2026-04-13,Monday,TikTok,UNKNOWN,4.90,0,0,0.00,22,night,0,0,62,HIGH,65,82,66,27
,2026-04-13,Monday,Instagram,UNKNOWN,2.41,0,0,0.00,22,night,0,0,62,HIGH,65,82,66,27
,2026-04-13,Monday,Instagram,UNKNOWN,2.41,0,0,0.00,22,night,0,0,62,HIGH,65,82,66,27
,2026-04-13,Monday,Instagram,UNKNOWN,1.85,0,0,0.00,22,night,0,0,62,HIGH,65,82,66,27
,2026-04-13,Monday,Instagram,UNKNOWN,1.85,0,0,0.00,22,night,0,0,62,HIGH,65,82,66,27
,2026-04-13,Monday,Instagram,UNKNOWN,0.66,0,0,0.00,21,evening,0,0,62,HIGH,65,82,66,27
,2026-04-13,Monday,Instagram,UNKNOWN,1.53,0,0,0.00,21,evening,0,0,62,HIGH,65,82,66,27
,2026-04-13,Monday,Instagram,UNKNOWN,12.05,0,0,0.00,21,evening,1,1,62,HIGH,65,82,66,27
,2026-04-13,Monday,Instagram,UNKNOWN,12.05,0,0,0.00,21,evening,1,1,62,HIGH,65,82,66,27
,2026-04-13,Monday,Instagram,UNKNOWN,0.81,0,0,0.00,21,evening,0,0,62,HIGH,65,82,66,27
,2026-04-13,Monday,Instagram,UNKNOWN,1.14,0,0,0.00,21,evening,0,0,62,HIGH,65,82,66,27
,2026-04-13,Monday,Instagram,UNKNOWN,1.14,0,0,0.00,21,evening,0,0,62,HIGH,65,82,66,27
,2026-04-13,Monday,Instagram,UNKNOWN,3.87,0,0,0.00,20,evening,0,0,62,HIGH,65,82,66,27
,2026-04-13,Monday,Instagram,UNKNOWN,3.87,0,0,0.00,20,evening,0,0,62,HIGH,65,82,66,27
,2026-04-13,Monday,Instagram,UNKNOWN,3.45,0,0,0.00,20,evening,0,0,62,HIGH,65,82,66,27
,2026-04-13,Monday,Instagram,UNKNOWN,3.45,0,0,0.00,20,evening,0,0,62,HIGH,65,82,66,27
,2026-04-13,Monday,Instagram,UNKNOWN,0.77,0,0,0.00,20,evening,0,0,62,HIGH,65,82,66,27
,2026-04-13,Monday,Instagram,UNKNOWN,0.77,0,0,0.00,20,evening,0,0,62,HIGH,65,82,66,27
,2026-04-13,Monday,Instagram,UNKNOWN,0.55,0,0,0.00,20,evening,0,0,62,HIGH,65,82,66,27
,2026-04-13,Monday,Instagram,UNKNOWN,1.21,0,0,0.00,20,evening,0,0,62,HIGH,65,82,66,27
,2026-04-13,Monday,Instagram,UNKNOWN,10.96,0,0,0.00,19,evening,1,1,62,HIGH,65,82,66,27
,2026-04-13,Monday,Instagram,UNKNOWN,0.56,0,0,0.00,17,evening,0,0,62,HIGH,65,82,66,27
,2026-04-13,Monday,Instagram,UNKNOWN,0.56,0,0,0.00,17,evening,0,0,62,HIGH,65,82,66,27
,2026-04-13,Monday,Instagram,UNKNOWN,1.45,0,0,0.00,17,evening,0,0,62,HIGH,65,82,66,27
,2026-04-13,Monday,Instagram,UNKNOWN,1.45,0,0,0.00,17,evening,0,0,62,HIGH,65,82,66,27
,2026-04-13,Monday,Instagram,UNKNOWN,9.72,0,0,0.00,16,afternoon,1,1,62,HIGH,65,82,66,27
,2026-04-13,Monday,Instagram,UNKNOWN,9.72,0,0,0.00,16,afternoon,1,1,62,HIGH,65,82,66,27
,2026-04-13,Monday,Instagram,UNKNOWN,28.68,0,0,0.00,16,afternoon,1,1,62,HIGH,65,82,66,27
,2026-04-13,Monday,Instagram,UNKNOWN,28.68,0,0,0.00,16,afternoon,1,1,62,HIGH,65,82,66,27
,2026-04-13,Monday,Instagram,UNKNOWN,3.02,0,0,0.00,15,afternoon,0,0,62,HIGH,65,82,66,27
,2026-04-13,Monday,Instagram,UNKNOWN,0.70,0,0,0.00,15,afternoon,0,0,62,HIGH,65,82,66,27
,2026-04-13,Monday,Instagram,UNKNOWN,0.59,0,0,0.00,15,afternoon,0,0,62,HIGH,65,82,66,27
,2026-04-13,Monday,Instagram,UNKNOWN,1.72,0,0,0.00,15,afternoon,0,0,62,HIGH,65,82,66,27
,2026-04-13,Monday,Instagram,UNKNOWN,1.72,0,0,0.00,15,afternoon,0,0,62,HIGH,65,82,66,27
,2026-04-13,Monday,Instagram,UNKNOWN,1.24,0,0,0.00,15,afternoon,0,0,62,HIGH,65,82,66,27
,2026-04-13,Monday,Instagram,UNKNOWN,1.35,0,0,0.00,14,afternoon,0,0,62,HIGH,65,82,66,27
,2026-04-13,Monday,Instagram,UNKNOWN,1.35,0,0,0.00,14,afternoon,0,0,62,HIGH,65,82,66,27
,2026-04-13,Monday,Instagram,UNKNOWN,5.96,0,0,0.00,14,afternoon,1,1,62,HIGH,65,82,66,27
,2026-04-13,Monday,Instagram,UNKNOWN,5.96,0,0,0.00,14,afternoon,1,1,62,HIGH,65,82,66,27
,2026-04-13,Monday,Instagram,UNKNOWN,0.80,0,0,0.00,14,afternoon,0,0,62,HIGH,65,82,66,27
,2026-04-13,Monday,Instagram,UNKNOWN,0.80,0,0,0.00,14,afternoon,0,0,62,HIGH,65,82,66,27
,2026-04-13,Monday,Instagram,UNKNOWN,0.64,0,0,0.00,14,afternoon,0,0,62,HIGH,65,82,66,27
,2026-04-13,Monday,Instagram,UNKNOWN,0.64,0,0,0.00,14,afternoon,0,0,62,HIGH,65,82,66,27
,2026-04-13,Monday,Instagram,UNKNOWN,0.95,0,0,0.00,14,afternoon,0,0,62,HIGH,65,82,66,27
,2026-04-13,Monday,Instagram,UNKNOWN,0.95,0,0,0.00,14,afternoon,0,0,62,HIGH,65,82,66,27
,2026-04-13,Monday,Instagram,UNKNOWN,2.19,0,0,0.00,14,afternoon,0,0,62,HIGH,65,82,66,27
,2026-04-13,Monday,Instagram,UNKNOWN,2.19,0,0,0.00,14,afternoon,0,0,62,HIGH,65,82,66,27
,2026-04-13,Monday,Instagram,UNKNOWN,27.75,0,0,0.00,12,afternoon,1,1,62,HIGH,65,82,66,27
,2026-04-13,Monday,Instagram,UNKNOWN,27.75,0,0,0.00,12,afternoon,1,1,62,HIGH,65,82,66,27
,2026-04-13,Monday,TikTok,UNKNOWN,6.14,0,0,0.00,12,afternoon,1,1,62,HIGH,65,82,66,27
,2026-04-13,Monday,TikTok,UNKNOWN,6.14,0,0,0.00,12,afternoon,1,1,62,HIGH,65,82,66,27
,2026-04-13,Monday,TikTok,UNKNOWN,1.29,0,0,0.00,12,afternoon,0,0,62,HIGH,65,82,66,27
,2026-04-13,Monday,TikTok,UNKNOWN,0.53,0,0,0.00,12,afternoon,0,0,62,HIGH,65,82,66,27
,2026-04-13,Monday,TikTok,UNKNOWN,0.53,0,0,0.00,12,afternoon,0,0,62,HIGH,65,82,66,27
,2026-04-13,Monday,TikTok,UNKNOWN,23.47,0,0,0.00,11,morning,1,1,62,HIGH,65,82,66,27
,2026-04-13,Monday,TikTok,UNKNOWN,23.47,0,0,0.00,11,morning,1,1,62,HIGH,65,82,66,27
,2026-04-13,Monday,Instagram,UNKNOWN,0.79,0,0,0.00,1,night,0,0,62,HIGH,65,82,66,27
,2026-04-13,Monday,Instagram,UNKNOWN,0.79,0,0,0.00,1,night,0,0,62,HIGH,65,82,66,27
,2026-04-13,Monday,Instagram,UNKNOWN,6.86,0,0,0.00,0,night,1,1,62,HIGH,65,82,66,27
,2026-04-13,Monday,Instagram,UNKNOWN,6.86,0,0,0.00,0,night,1,1,62,HIGH,65,82,66,27
,2026-04-13,Monday,Instagram,UNKNOWN,6.85,0,0,0.00,0,night,1,1,62,HIGH,65,82,66,27
,2026-04-13,Monday,Instagram,UNKNOWN,6.85,0,0,0.00,0,night,1,1,62,HIGH,65,82,66,27
,2026-04-13,Monday,Instagram,UNKNOWN,0.51,0,0,0.00,0,night,0,0,62,HIGH,65,82,66,27
,2026-04-13,Monday,TikTok,UNKNOWN,3.44,0,0,0.00,0,night,0,0,62,HIGH,65,82,66,27
,2026-04-13,Monday,TikTok,UNKNOWN,3.44,0,0,0.00,0,night,0,0,62,HIGH,65,82,66,27
,2026-04-13,Monday,TikTok,UNKNOWN,3.91,0,0,0.00,0,night,0,0,62,HIGH,65,82,66,27
,2026-04-13,Monday,TikTok,UNKNOWN,2.77,0,0,0.00,0,night,0,0,62,HIGH,65,82,66,27
,2026-04-13,Monday,TikTok,UNKNOWN,2.77,0,0,0.00,0,night,0,0,62,HIGH,65,82,66,27
,2026-04-13,Monday,TikTok,UNKNOWN,7.92,0,0,0.00,0,night,1,1,62,HIGH,65,82,66,27
,2026-04-13,Monday,Instagram,UNKNOWN,11.63,0,0,0.00,0,night,1,1,62,HIGH,65,82,66,27
,2026-04-13,Monday,Instagram,UNKNOWN,11.63,0,0,0.00,0,night,1,1,62,HIGH,65,82,66,27
,2026-04-12,Sunday,Instagram,UNKNOWN,5.20,0,0,0.00,23,night,1,1,64,HIGH,64,81,70,37
,2026-04-12,Sunday,Instagram,UNKNOWN,5.20,0,0,0.00,23,night,1,1,64,HIGH,64,81,70,37
,2026-04-12,Sunday,Instagram,UNKNOWN,0.94,0,0,0.00,23,night,0,0,64,HIGH,64,81,70,37
,2026-04-12,Sunday,Instagram,UNKNOWN,1.65,0,0,0.00,23,night,0,0,64,HIGH,64,81,70,37
,2026-04-12,Sunday,Instagram,UNKNOWN,1.65,0,0,0.00,23,night,0,0,64,HIGH,64,81,70,37
,2026-04-12,Sunday,TikTok,UNKNOWN,1.22,0,0,0.00,22,night,0,0,64,HIGH,64,81,70,37
,2026-04-12,Sunday,TikTok,UNKNOWN,1.22,0,0,0.00,22,night,0,0,64,HIGH,64,81,70,37
,2026-04-12,Sunday,TikTok,UNKNOWN,1.21,0,0,0.00,22,night,0,0,64,HIGH,64,81,70,37
,2026-04-12,Sunday,TikTok,UNKNOWN,0.63,0,0,0.00,22,night,0,0,64,HIGH,64,81,70,37
,2026-04-12,Sunday,TikTok,UNKNOWN,0.63,0,0,0.00,22,night,0,0,64,HIGH,64,81,70,37
,2026-04-12,Sunday,TikTok,UNKNOWN,0.76,0,0,0.00,22,night,0,0,64,HIGH,64,81,70,37
,2026-04-12,Sunday,TikTok,UNKNOWN,0.76,0,0,0.00,22,night,0,0,64,HIGH,64,81,70,37
,2026-04-12,Sunday,Instagram,UNKNOWN,1.19,0,0,0.00,22,night,0,0,64,HIGH,64,81,70,37
,2026-04-12,Sunday,Instagram,UNKNOWN,2.83,0,0,0.00,22,night,0,0,64,HIGH,64,81,70,37
,2026-04-12,Sunday,Instagram,UNKNOWN,2.83,0,0,0.00,22,night,0,0,64,HIGH,64,81,70,37
,2026-04-12,Sunday,Instagram,UNKNOWN,0.81,0,0,0.00,22,night,0,0,64,HIGH,64,81,70,37
,2026-04-12,Sunday,Instagram,UNKNOWN,0.81,0,0,0.00,22,night,0,0,64,HIGH,64,81,70,37
,2026-04-12,Sunday,Instagram,UNKNOWN,0.66,0,0,0.00,22,night,0,0,64,HIGH,64,81,70,37
,2026-04-12,Sunday,Instagram,UNKNOWN,4.34,0,0,0.00,22,night,0,0,64,HIGH,64,81,70,37
,2026-04-12,Sunday,Instagram,UNKNOWN,1.19,0,0,0.00,22,night,0,0,64,HIGH,64,81,70,37
,2026-04-12,Sunday,Instagram,UNKNOWN,1.19,0,0,0.00,22,night,0,0,64,HIGH,64,81,70,37
,2026-04-12,Sunday,Instagram,UNKNOWN,1.10,0,0,0.00,22,night,0,0,64,HIGH,64,81,70,37
,2026-04-12,Sunday,Instagram,UNKNOWN,0.66,0,0,0.00,22,night,0,0,64,HIGH,64,81,70,37
,2026-04-12,Sunday,Instagram,UNKNOWN,0.66,0,0,0.00,22,night,0,0,64,HIGH,64,81,70,37
,2026-04-12,Sunday,Instagram,UNKNOWN,2.08,0,0,0.00,22,night,0,0,64,HIGH,64,81,70,37
,2026-04-12,Sunday,Instagram,UNKNOWN,2.08,0,0,0.00,22,night,0,0,64,HIGH,64,81,70,37
,2026-04-12,Sunday,Instagram,UNKNOWN,0.82,0,0,0.00,22,night,0,0,64,HIGH,64,81,70,37
,2026-04-12,Sunday,Instagram,UNKNOWN,0.81,0,0,0.00,22,night,0,0,64,HIGH,64,81,70,37
,2026-04-12,Sunday,Instagram,UNKNOWN,0.81,0,0,0.00,22,night,0,0,64,HIGH,64,81,70,37
,2026-04-12,Sunday,Instagram,UNKNOWN,1.43,0,0,0.00,22,night,0,0,64,HIGH,64,81,70,37
,2026-04-12,Sunday,Instagram,UNKNOWN,1.43,0,0,0.00,22,night,0,0,64,HIGH,64,81,70,37
,2026-04-12,Sunday,Instagram,UNKNOWN,10.83,0,0,0.00,22,night,1,1,64,HIGH,64,81,70,37
,2026-04-12,Sunday,Instagram,UNKNOWN,10.83,0,0,0.00,22,night,1,1,64,HIGH,64,81,70,37
,2026-04-12,Sunday,Instagram,UNKNOWN,2.92,0,0,0.00,22,night,0,0,64,HIGH,64,81,70,37
,2026-04-12,Sunday,Instagram,UNKNOWN,2.92,0,0,0.00,22,night,0,0,64,HIGH,64,81,70,37
,2026-04-12,Sunday,Instagram,UNKNOWN,16.04,0,0,0.00,22,night,1,1,64,HIGH,64,81,70,37
,2026-04-12,Sunday,Instagram,UNKNOWN,16.04,0,0,0.00,22,night,1,1,64,HIGH,64,81,70,37
,2026-04-12,Sunday,Instagram,UNKNOWN,3.73,0,0,0.00,21,evening,0,0,64,HIGH,64,81,70,37
,2026-04-12,Sunday,Instagram,UNKNOWN,4.85,0,0,0.00,21,evening,0,0,64,HIGH,64,81,70,37
,2026-04-12,Sunday,Instagram,UNKNOWN,18.53,0,0,0.00,21,evening,1,1,64,HIGH,64,81,70,37
,2026-04-12,Sunday,Instagram,UNKNOWN,18.53,0,0,0.00,21,evening,1,1,64,HIGH,64,81,70,37
,2026-04-12,Sunday,Instagram,UNKNOWN,6.41,0,0,0.00,20,evening,1,1,64,HIGH,64,81,70,37
,2026-04-12,Sunday,Instagram,UNKNOWN,6.41,0,0,0.00,20,evening,1,1,64,HIGH,64,81,70,37
,2026-04-12,Sunday,Instagram,UNKNOWN,1.82,0,0,0.00,20,evening,0,0,64,HIGH,64,81,70,37
,2026-04-12,Sunday,Instagram,UNKNOWN,1.82,0,0,0.00,20,evening,0,0,64,HIGH,64,81,70,37
,2026-04-12,Sunday,Instagram,UNKNOWN,1.31,0,0,0.00,20,evening,0,0,64,HIGH,64,81,70,37
,2026-04-12,Sunday,Instagram,UNKNOWN,1.31,0,0,0.00,20,evening,0,0,64,HIGH,64,81,70,37
,2026-04-12,Sunday,Instagram,UNKNOWN,4.44,0,0,0.00,19,evening,0,0,64,HIGH,64,81,70,37
,2026-04-12,Sunday,Instagram,UNKNOWN,4.44,0,0,0.00,19,evening,0,0,64,HIGH,64,81,70,37
,2026-04-12,Sunday,Instagram,UNKNOWN,13.28,0,0,0.00,18,evening,1,1,64,HIGH,64,81,70,37
,2026-04-12,Sunday,Instagram,UNKNOWN,4.74,0,0,0.00,18,evening,0,0,64,HIGH,64,81,70,37
,2026-04-12,Sunday,Instagram,UNKNOWN,3.24,0,0,0.00,18,evening,0,0,64,HIGH,64,81,70,37
,2026-04-12,Sunday,Instagram,UNKNOWN,11.32,0,0,0.00,17,evening,1,1,64,HIGH,64,81,70,37
,2026-04-12,Sunday,Instagram,UNKNOWN,0.60,0,0,0.00,17,evening,0,0,64,HIGH,64,81,70,37
,2026-04-12,Sunday,Instagram,UNKNOWN,0.67,0,0,0.00,16,afternoon,0,0,64,HIGH,64,81,70,37
,2026-04-12,Sunday,Instagram,UNKNOWN,0.67,0,0,0.00,16,afternoon,0,0,64,HIGH,64,81,70,37
,2026-04-12,Sunday,Instagram,UNKNOWN,1.64,0,0,0.00,15,afternoon,0,0,64,HIGH,64,81,70,37
,2026-04-12,Sunday,Instagram,UNKNOWN,0.69,0,0,0.00,15,afternoon,0,0,64,HIGH,64,81,70,37
,2026-04-12,Sunday,Instagram,UNKNOWN,0.87,0,0,0.00,15,afternoon,0,0,64,HIGH,64,81,70,37
,2026-04-12,Sunday,Instagram,UNKNOWN,0.87,0,0,0.00,15,afternoon,0,0,64,HIGH,64,81,70,37
,2026-04-12,Sunday,Instagram,UNKNOWN,0.65,0,0,0.00,15,afternoon,0,0,64,HIGH,64,81,70,37
,2026-04-12,Sunday,Instagram,UNKNOWN,1.54,0,0,0.00,15,afternoon,0,0,64,HIGH,64,81,70,37
,2026-04-12,Sunday,Instagram,UNKNOWN,1.54,0,0,0.00,15,afternoon,0,0,64,HIGH,64,81,70,37
,2026-04-12,Sunday,Instagram,UNKNOWN,2.37,0,0,0.00,15,afternoon,0,0,64,HIGH,64,81,70,37
,2026-04-12,Sunday,Instagram,UNKNOWN,2.37,0,0,0.00,15,afternoon,0,0,64,HIGH,64,81,70,37
,2026-04-12,Sunday,Instagram,UNKNOWN,0.56,0,0,0.00,15,afternoon,0,0,64,HIGH,64,81,70,37
,2026-04-12,Sunday,Instagram,UNKNOWN,0.56,0,0,0.00,15,afternoon,0,0,64,HIGH,64,81,70,37
,2026-04-12,Sunday,Instagram,UNKNOWN,1.36,0,0,0.00,15,afternoon,0,0,64,HIGH,64,81,70,37
,2026-04-12,Sunday,Instagram,UNKNOWN,0.95,0,0,0.00,15,afternoon,0,0,64,HIGH,64,81,70,37
,2026-04-12,Sunday,Instagram,UNKNOWN,0.70,0,0,0.00,15,afternoon,0,0,64,HIGH,64,81,70,37
,2026-04-12,Sunday,Instagram,UNKNOWN,0.83,0,0,0.00,15,afternoon,0,0,64,HIGH,64,81,70,37
,2026-04-12,Sunday,Instagram,UNKNOWN,0.83,0,0,0.00,15,afternoon,0,0,64,HIGH,64,81,70,37
,2026-04-12,Sunday,Instagram,UNKNOWN,0.52,0,0,0.00,15,afternoon,0,0,64,HIGH,64,81,70,37
,2026-04-12,Sunday,Instagram,UNKNOWN,1.23,0,0,0.00,15,afternoon,0,0,64,HIGH,64,81,70,37
,2026-04-12,Sunday,Instagram,UNKNOWN,0.55,0,0,0.00,15,afternoon,0,0,64,HIGH,64,81,70,37
,2026-04-12,Sunday,Instagram,UNKNOWN,0.55,0,0,0.00,15,afternoon,0,0,64,HIGH,64,81,70,37
,2026-04-12,Sunday,Instagram,UNKNOWN,0.63,0,0,0.00,15,afternoon,0,0,64,HIGH,64,81,70,37
,2026-04-12,Sunday,Instagram,UNKNOWN,0.63,0,0,0.00,15,afternoon,0,0,64,HIGH,64,81,70,37
,2026-04-12,Sunday,Instagram,UNKNOWN,0.50,0,0,0.00,15,afternoon,0,0,64,HIGH,64,81,70,37
,2026-04-12,Sunday,Instagram,UNKNOWN,0.50,0,0,0.00,15,afternoon,0,0,64,HIGH,64,81,70,37
,2026-04-12,Sunday,Instagram,UNKNOWN,0.83,0,0,0.00,15,afternoon,0,0,64,HIGH,64,81,70,37
,2026-04-12,Sunday,Instagram,UNKNOWN,0.83,0,0,0.00,15,afternoon,0,0,64,HIGH,64,81,70,37
,2026-04-12,Sunday,Instagram,UNKNOWN,1.12,0,0,0.00,15,afternoon,0,0,64,HIGH,64,81,70,37
,2026-04-12,Sunday,Instagram,UNKNOWN,1.12,0,0,0.00,15,afternoon,0,0,64,HIGH,64,81,70,37
,2026-04-12,Sunday,Instagram,UNKNOWN,0.65,0,0,0.00,15,afternoon,0,0,64,HIGH,64,81,70,37
,2026-04-12,Sunday,Instagram,UNKNOWN,5.05,0,0,0.00,15,afternoon,1,1,64,HIGH,64,81,70,37
,2026-04-12,Sunday,Instagram,UNKNOWN,1.12,0,0,0.00,15,afternoon,0,0,64,HIGH,64,81,70,37
,2026-04-12,Sunday,Instagram,UNKNOWN,0.92,0,0,0.00,14,afternoon,0,0,64,HIGH,64,81,70,37
,2026-04-12,Sunday,Instagram,UNKNOWN,13.38,0,0,0.00,14,afternoon,1,1,64,HIGH,64,81,70,37
,2026-04-12,Sunday,TikTok,UNKNOWN,2.69,0,0,0.00,13,afternoon,0,0,64,HIGH,64,81,70,37
,2026-04-12,Sunday,TikTok,UNKNOWN,2.69,0,0,0.00,13,afternoon,0,0,64,HIGH,64,81,70,37
,2026-04-12,Sunday,TikTok,UNKNOWN,40.54,0,0,0.00,12,afternoon,1,1,64,HIGH,64,81,70,37
,2026-04-12,Sunday,TikTok,UNKNOWN,3.42,0,0,0.00,12,afternoon,0,0,64,HIGH,64,81,70,37
,2026-04-12,Sunday,Instagram,UNKNOWN,3.22,0,0,0.00,1,night,0,0,64,HIGH,64,81,70,37
,2026-04-12,Sunday,Instagram,UNKNOWN,21.15,0,0,0.00,1,night,1,1,64,HIGH,64,81,70,37
,2026-04-12,Sunday,Instagram,UNKNOWN,4.27,0,0,0.00,1,night,0,0,64,HIGH,64,81,70,37
,2026-04-12,Sunday,Instagram,UNKNOWN,4.27,0,0,0.00,1,night,0,0,64,HIGH,64,81,70,37
,2026-04-12,Sunday,Instagram,UNKNOWN,0.55,0,0,0.00,1,night,0,0,64,HIGH,64,81,70,37
,2026-04-12,Sunday,Instagram,UNKNOWN,1.62,0,0,0.00,0,night,0,0,64,HIGH,64,81,70,37
,2026-04-11,Saturday,Instagram,UNKNOWN,1.57,0,0,0.00,23,night,0,0,69,HIGH,68,84,77,41
,2026-04-11,Saturday,Instagram,UNKNOWN,1.57,0,0,0.00,23,night,0,0,69,HIGH,68,84,77,41
,2026-04-11,Saturday,Instagram,UNKNOWN,2.63,0,0,0.00,23,night,0,0,69,HIGH,68,84,77,41
,2026-04-11,Saturday,Instagram,UNKNOWN,2.63,0,0,0.00,23,night,0,0,69,HIGH,68,84,77,41
,2026-04-11,Saturday,Instagram,UNKNOWN,3.62,0,0,0.00,23,night,0,0,69,HIGH,68,84,77,41
,2026-04-11,Saturday,Instagram,UNKNOWN,3.62,0,0,0.00,23,night,0,0,69,HIGH,68,84,77,41
,2026-04-11,Saturday,Instagram,UNKNOWN,1.27,0,0,0.00,23,night,0,0,69,HIGH,68,84,77,41
,2026-04-11,Saturday,Instagram,UNKNOWN,1.27,0,0,0.00,23,night,0,0,69,HIGH,68,84,77,41
,2026-04-11,Saturday,Instagram,UNKNOWN,1.29,0,0,0.00,23,night,0,0,69,HIGH,68,84,77,41
,2026-04-11,Saturday,Instagram,UNKNOWN,1.29,0,0,0.00,23,night,0,0,69,HIGH,68,84,77,41
,2026-04-11,Saturday,Instagram,UNKNOWN,2.63,0,0,0.00,23,night,0,0,69,HIGH,68,84,77,41
,2026-04-11,Saturday,Instagram,UNKNOWN,2.63,0,0,0.00,23,night,0,0,69,HIGH,68,84,77,41
,2026-04-11,Saturday,Instagram,UNKNOWN,0.58,0,0,0.00,23,night,0,0,69,HIGH,68,84,77,41
,2026-04-11,Saturday,Instagram,UNKNOWN,0.58,0,0,0.00,23,night,0,0,69,HIGH,68,84,77,41
,2026-04-11,Saturday,Instagram,UNKNOWN,0.51,0,0,0.00,22,night,0,0,69,HIGH,68,84,77,41
,2026-04-11,Saturday,Instagram,UNKNOWN,0.51,0,0,0.00,22,night,0,0,69,HIGH,68,84,77,41
,2026-04-11,Saturday,Instagram,UNKNOWN,11.00,0,0,0.00,22,night,1,1,69,HIGH,68,84,77,41
,2026-04-11,Saturday,Instagram,UNKNOWN,1.25,0,0,0.00,22,night,0,0,69,HIGH,68,84,77,41
,2026-04-11,Saturday,Instagram,UNKNOWN,1.25,0,0,0.00,22,night,0,0,69,HIGH,68,84,77,41
,2026-04-11,Saturday,Instagram,UNKNOWN,0.92,0,0,0.00,22,night,0,0,69,HIGH,68,84,77,41
,2026-04-11,Saturday,Instagram,UNKNOWN,0.92,0,0,0.00,22,night,0,0,69,HIGH,68,84,77,41
,2026-04-11,Saturday,Instagram,UNKNOWN,1.30,0,0,0.00,22,night,0,0,69,HIGH,68,84,77,41
,2026-04-11,Saturday,Instagram,UNKNOWN,1.30,0,0,0.00,22,night,0,0,69,HIGH,68,84,77,41
,2026-04-11,Saturday,Instagram,UNKNOWN,20.64,0,0,0.00,21,evening,1,1,69,HIGH,68,84,77,41
,2026-04-11,Saturday,Instagram,UNKNOWN,2.40,0,0,0.00,21,evening,0,0,69,HIGH,68,84,77,41
,2026-04-11,Saturday,Instagram,UNKNOWN,1.33,0,0,0.00,21,evening,0,0,69,HIGH,68,84,77,41
,2026-04-11,Saturday,Instagram,UNKNOWN,1.33,0,0,0.00,21,evening,0,0,69,HIGH,68,84,77,41
,2026-04-11,Saturday,Instagram,UNKNOWN,0.58,0,0,0.00,21,evening,0,0,69,HIGH,68,84,77,41
,2026-04-11,Saturday,Instagram,UNKNOWN,0.58,0,0,0.00,21,evening,0,0,69,HIGH,68,84,77,41
,2026-04-11,Saturday,Instagram,UNKNOWN,0.73,0,0,0.00,21,evening,0,0,69,HIGH,68,84,77,41
,2026-04-11,Saturday,Instagram,UNKNOWN,0.73,0,0,0.00,21,evening,0,0,69,HIGH,68,84,77,41
,2026-04-11,Saturday,Instagram,UNKNOWN,1.19,0,0,0.00,21,evening,0,0,69,HIGH,68,84,77,41
,2026-04-11,Saturday,Instagram,UNKNOWN,1.19,0,0,0.00,21,evening,0,0,69,HIGH,68,84,77,41
,2026-04-11,Saturday,Instagram,UNKNOWN,1.21,0,0,0.00,21,evening,0,0,69,HIGH,68,84,77,41
,2026-04-11,Saturday,Instagram,UNKNOWN,1.05,0,0,0.00,21,evening,0,0,69,HIGH,68,84,77,41
,2026-04-11,Saturday,Instagram,UNKNOWN,1.05,0,0,0.00,21,evening,0,0,69,HIGH,68,84,77,41
,2026-04-11,Saturday,Instagram,UNKNOWN,0.58,0,0,0.00,21,evening,0,0,69,HIGH,68,84,77,41
,2026-04-11,Saturday,Instagram,UNKNOWN,0.58,0,0,0.00,21,evening,0,0,69,HIGH,68,84,77,41
,2026-04-11,Saturday,Instagram,UNKNOWN,2.04,0,0,0.00,21,evening,0,0,69,HIGH,68,84,77,41
,2026-04-11,Saturday,Instagram,UNKNOWN,2.04,0,0,0.00,21,evening,0,0,69,HIGH,68,84,77,41
,2026-04-11,Saturday,Instagram,UNKNOWN,29.72,0,0,0.00,20,evening,1,1,69,HIGH,68,84,77,41
,2026-04-11,Saturday,Instagram,UNKNOWN,3.50,0,0,0.00,20,evening,0,0,69,HIGH,68,84,77,41
,2026-04-11,Saturday,Instagram,UNKNOWN,3.50,0,0,0.00,20,evening,0,0,69,HIGH,68,84,77,41
,2026-04-11,Saturday,Instagram,UNKNOWN,1.11,0,0,0.00,20,evening,0,0,69,HIGH,68,84,77,41
,2026-04-11,Saturday,Instagram,UNKNOWN,2.20,0,0,0.00,20,evening,0,0,69,HIGH,68,84,77,41
,2026-04-11,Saturday,Instagram,UNKNOWN,3.21,0,0,0.00,20,evening,0,0,69,HIGH,68,84,77,41
,2026-04-11,Saturday,Instagram,UNKNOWN,3.21,0,0,0.00,20,evening,0,0,69,HIGH,68,84,77,41
,2026-04-11,Saturday,TikTok,UNKNOWN,2.29,0,0,0.00,20,evening,0,0,69,HIGH,68,84,77,41
,2026-04-11,Saturday,TikTok,UNKNOWN,2.29,0,0,0.00,20,evening,0,0,69,HIGH,68,84,77,41
,2026-04-11,Saturday,YouTube,UNKNOWN,2.49,0,0,0.00,20,evening,0,0,69,HIGH,68,84,77,41
,2026-04-11,Saturday,Instagram,UNKNOWN,4.04,0,0,0.00,19,evening,0,0,69,HIGH,68,84,77,41
,2026-04-11,Saturday,Instagram,UNKNOWN,4.04,0,0,0.00,19,evening,0,0,69,HIGH,68,84,77,41
,2026-04-11,Saturday,Instagram,UNKNOWN,0.62,0,0,0.00,19,evening,0,0,69,HIGH,68,84,77,41
,2026-04-11,Saturday,Instagram,UNKNOWN,0.62,0,0,0.00,19,evening,0,0,69,HIGH,68,84,77,41
,2026-04-11,Saturday,Instagram,UNKNOWN,11.49,0,0,0.00,19,evening,1,1,69,HIGH,68,84,77,41
,2026-04-11,Saturday,YouTube,UNKNOWN,7.33,0,0,0.00,19,evening,1,1,69,HIGH,68,84,77,41
,2026-04-11,Saturday,Instagram,UNKNOWN,6.30,0,0,0.00,19,evening,1,1,69,HIGH,68,84,77,41
,2026-04-11,Saturday,Instagram,UNKNOWN,6.30,0,0,0.00,19,evening,1,1,69,HIGH,68,84,77,41
,2026-04-11,Saturday,Instagram,UNKNOWN,6.70,0,0,0.00,19,evening,1,1,69,HIGH,68,84,77,41
,2026-04-11,Saturday,Instagram,UNKNOWN,6.70,0,0,0.00,19,evening,1,1,69,HIGH,68,84,77,41
,2026-04-11,Saturday,Instagram,UNKNOWN,1.05,0,0,0.00,15,afternoon,0,0,69,HIGH,68,84,77,41
,2026-04-11,Saturday,Instagram,UNKNOWN,1.57,0,0,0.00,15,afternoon,0,0,69,HIGH,68,84,77,41
,2026-04-11,Saturday,Instagram,UNKNOWN,1.57,0,0,0.00,15,afternoon,0,0,69,HIGH,68,84,77,41
,2026-04-11,Saturday,Instagram,UNKNOWN,0.94,0,0,0.00,15,afternoon,0,0,69,HIGH,68,84,77,41
,2026-04-11,Saturday,Instagram,UNKNOWN,0.57,0,0,0.00,14,afternoon,0,0,69,HIGH,68,84,77,41
,2026-04-11,Saturday,Instagram,UNKNOWN,0.57,0,0,0.00,14,afternoon,0,0,69,HIGH,68,84,77,41
,2026-04-11,Saturday,Instagram,UNKNOWN,0.76,0,0,0.00,14,afternoon,0,0,69,HIGH,68,84,77,41
,2026-04-11,Saturday,Snapchat,UNKNOWN,0.76,0,0,0.00,14,afternoon,0,0,69,HIGH,68,84,77,41
,2026-04-11,Saturday,Instagram,UNKNOWN,1.41,0,0,0.00,14,afternoon,0,0,69,HIGH,68,84,77,41
,2026-04-11,Saturday,Instagram,UNKNOWN,1.41,0,0,0.00,14,afternoon,0,0,69,HIGH,68,84,77,41
,2026-04-11,Saturday,Instagram,UNKNOWN,0.57,0,0,0.00,14,afternoon,0,0,69,HIGH,68,84,77,41
,2026-04-11,Saturday,Instagram,UNKNOWN,3.13,0,0,0.00,14,afternoon,0,0,69,HIGH,68,84,77,41
,2026-04-11,Saturday,Instagram,UNKNOWN,1.14,0,0,0.00,14,afternoon,0,0,69,HIGH,68,84,77,41
,2026-04-11,Saturday,Instagram,UNKNOWN,0.54,0,0,0.00,14,afternoon,0,0,69,HIGH,68,84,77,41
,2026-04-11,Saturday,Instagram,UNKNOWN,0.54,0,0,0.00,14,afternoon,0,0,69,HIGH,68,84,77,41
,2026-04-11,Saturday,Instagram,UNKNOWN,0.79,0,0,0.00,14,afternoon,0,0,69,HIGH,68,84,77,41
,2026-04-11,Saturday,Instagram,UNKNOWN,7.76,0,0,0.00,14,afternoon,1,1,69,HIGH,68,84,77,41
,2026-04-11,Saturday,Instagram,UNKNOWN,3.42,0,0,0.00,14,afternoon,0,0,69,HIGH,68,84,77,41
,2026-04-11,Saturday,Instagram,UNKNOWN,3.42,0,0,0.00,14,afternoon,0,0,69,HIGH,68,84,77,41
,2026-04-11,Saturday,Instagram,UNKNOWN,1.21,0,0,0.00,14,afternoon,0,0,69,HIGH,68,84,77,41
,2026-04-11,Saturday,Instagram,UNKNOWN,1.21,0,0,0.00,14,afternoon,0,0,69,HIGH,68,84,77,41
,2026-04-11,Saturday,Instagram,UNKNOWN,18.43,0,0,0.00,13,afternoon,1,1,69,HIGH,68,84,77,41
,2026-04-11,Saturday,Instagram,UNKNOWN,18.43,0,0,0.00,13,afternoon,1,1,69,HIGH,68,84,77,41
,2026-04-11,Saturday,Instagram,UNKNOWN,8.36,0,0,0.00,13,afternoon,1,1,69,HIGH,68,84,77,41
,2026-04-11,Saturday,Instagram,UNKNOWN,8.36,0,0,0.00,13,afternoon,1,1,69,HIGH,68,84,77,41
,2026-04-11,Saturday,Instagram,UNKNOWN,0.87,0,0,0.00,12,afternoon,0,0,69,HIGH,68,84,77,41
,2026-04-11,Saturday,Instagram,UNKNOWN,0.87,0,0,0.00,12,afternoon,0,0,69,HIGH,68,84,77,41
,2026-04-11,Saturday,Instagram,UNKNOWN,1.97,0,0,0.00,12,afternoon,0,0,69,HIGH,68,84,77,41
,2026-04-11,Saturday,Instagram,UNKNOWN,1.97,0,0,0.00,12,afternoon,0,0,69,HIGH,68,84,77,41
,2026-04-11,Saturday,Instagram,UNKNOWN,1.74,0,0,0.00,12,afternoon,0,0,69,HIGH,68,84,77,41
,2026-04-11,Saturday,YouTube,UNKNOWN,1.01,0,0,0.00,12,afternoon,0,0,69,HIGH,68,84,77,41
,2026-04-11,Saturday,YouTube,UNKNOWN,1.01,0,0,0.00,12,afternoon,0,0,69,HIGH,68,84,77,41
,2026-04-11,Saturday,Instagram,UNKNOWN,1.87,0,0,0.00,12,afternoon,0,0,69,HIGH,68,84,77,41
,2026-04-11,Saturday,Instagram,UNKNOWN,1.87,0,0,0.00,12,afternoon,0,0,69,HIGH,68,84,77,41
,2026-04-11,Saturday,Instagram,UNKNOWN,1.39,0,0,0.00,12,afternoon,0,0,69,HIGH,68,84,77,41
,2026-04-11,Saturday,Instagram,UNKNOWN,1.39,0,0,0.00,12,afternoon,0,0,69,HIGH,68,84,77,41
,2026-04-11,Saturday,Instagram,UNKNOWN,0.57,0,0,0.00,12,afternoon,0,0,69,HIGH,68,84,77,41
,2026-04-11,Saturday,Instagram,UNKNOWN,0.57,0,0,0.00,12,afternoon,0,0,69,HIGH,68,84,77,41
,2026-04-11,Saturday,Instagram,UNKNOWN,0.63,0,0,0.00,12,afternoon,0,0,69,HIGH,68,84,77,41
,2026-04-11,Saturday,Instagram,UNKNOWN,0.51,0,0,0.00,12,afternoon,0,0,69,HIGH,68,84,77,41
,2026-04-11,Saturday,Instagram,UNKNOWN,0.51,0,0,0.00,12,afternoon,0,0,69,HIGH,68,84,77,41
,2026-04-11,Saturday,Instagram,UNKNOWN,5.95,0,0,0.00,12,afternoon,1,1,69,HIGH,68,84,77,41
,2026-04-11,Saturday,Instagram,UNKNOWN,0.68,0,0,0.00,12,afternoon,0,0,69,HIGH,68,84,77,41
,2026-04-11,Saturday,Instagram,UNKNOWN,0.93,0,0,0.00,11,morning,0,0,69,HIGH,68,84,77,41
,2026-04-11,Saturday,Instagram,UNKNOWN,0.93,0,0,0.00,11,morning,0,0,69,HIGH,68,84,77,41
,2026-04-11,Saturday,Instagram,UNKNOWN,0.69,0,0,0.00,11,morning,0,0,69,HIGH,68,84,77,41
,2026-04-11,Saturday,Instagram,UNKNOWN,2.10,0,0,0.00,11,morning,0,0,69,HIGH,68,84,77,41
,2026-04-11,Saturday,Instagram,UNKNOWN,2.10,0,0,0.00,11,morning,0,0,69,HIGH,68,84,77,41
,2026-04-11,Saturday,Instagram,UNKNOWN,2.08,0,0,0.00,11,morning,0,0,69,HIGH,68,84,77,41
,2026-04-11,Saturday,Instagram,UNKNOWN,2.08,0,0,0.00,11,morning,0,0,69,HIGH,68,84,77,41
,2026-04-11,Saturday,Instagram,UNKNOWN,0.64,0,0,0.00,11,morning,0,0,69,HIGH,68,84,77,41
,2026-04-11,Saturday,TikTok,UNKNOWN,51.49,0,0,0.00,10,morning,1,1,69,HIGH,68,84,77,41
,2026-04-11,Saturday,TikTok,UNKNOWN,51.49,0,0,0.00,10,morning,1,1,69,HIGH,68,84,77,41
,2026-04-11,Saturday,Instagram,UNKNOWN,1.67,0,0,0.00,10,morning,0,0,69,HIGH,68,84,77,41
,2026-04-11,Saturday,Instagram,UNKNOWN,1.67,0,0,0.00,10,morning,0,0,69,HIGH,68,84,77,41
,2026-04-11,Saturday,TikTok,UNKNOWN,3.20,0,0,0.00,2,night,0,0,69,HIGH,68,84,77,41
,2026-04-11,Saturday,TikTok,UNKNOWN,3.20,0,0,0.00,2,night,0,0,69,HIGH,68,84,77,41
,2026-04-11,Saturday,TikTok,UNKNOWN,0.61,0,0,0.00,2,night,0,0,69,HIGH,68,84,77,41
,2026-04-11,Saturday,TikTok,UNKNOWN,0.61,0,0,0.00,2,night,0,0,69,HIGH,68,84,77,41
,2026-04-11,Saturday,TikTok,UNKNOWN,0.52,0,0,0.00,2,night,0,0,69,HIGH,68,84,77,41
,2026-04-11,Saturday,TikTok,UNKNOWN,0.86,0,0,0.00,2,night,0,0,69,HIGH,68,84,77,41
,2026-04-11,Saturday,TikTok,UNKNOWN,0.56,0,0,0.00,2,night,0,0,69,HIGH,68,84,77,41
,2026-04-11,Saturday,TikTok,UNKNOWN,0.56,0,0,0.00,2,night,0,0,69,HIGH,68,84,77,41
,2026-04-11,Saturday,TikTok,UNKNOWN,7.89,0,0,0.00,2,night,1,1,69,HIGH,68,84,77,41
,2026-04-11,Saturday,TikTok,UNKNOWN,7.89,0,0,0.00,2,night,1,1,69,HIGH,68,84,77,41
,2026-04-11,Saturday,TikTok,UNKNOWN,13.55,0,0,0.00,1,night,1,1,69,HIGH,68,84,77,41
,2026-04-11,Saturday,TikTok,UNKNOWN,13.55,0,0,0.00,1,night,1,1,69,HIGH,68,84,77,41
,2026-04-11,Saturday,TikTok,UNKNOWN,2.86,0,0,0.00,1,night,0,0,69,HIGH,68,84,77,41
,2026-04-11,Saturday,TikTok,UNKNOWN,2.86,0,0,0.00,1,night,0,0,69,HIGH,68,84,77,41
,2026-04-11,Saturday,TikTok,UNKNOWN,3.36,0,0,0.00,1,night,0,0,69,HIGH,68,84,77,41
,2026-04-11,Saturday,TikTok,UNKNOWN,3.36,0,0,0.00,1,night,0,0,69,HIGH,68,84,77,41
,2026-04-11,Saturday,Instagram,UNKNOWN,0.56,0,0,0.00,1,night,0,0,69,HIGH,68,84,77,41
,2026-04-11,Saturday,Instagram,UNKNOWN,0.56,0,0,0.00,1,night,0,0,69,HIGH,68,84,77,41
,2026-04-11,Saturday,TikTok,UNKNOWN,0.93,0,0,0.00,1,night,0,0,69,HIGH,68,84,77,41
,2026-04-11,Saturday,TikTok,UNKNOWN,0.93,0,0,0.00,1,night,0,0,69,HIGH,68,84,77,41
,2026-04-11,Saturday,TikTok,UNKNOWN,0.64,0,0,0.00,1,night,0,0,69,HIGH,68,84,77,41
,2026-04-11,Saturday,TikTok,UNKNOWN,0.64,0,0,0.00,1,night,0,0,69,HIGH,68,84,77,41
,2026-04-11,Saturday,TikTok,UNKNOWN,1.33,0,0,0.00,1,night,0,0,69,HIGH,68,84,77,41
,2026-04-11,Saturday,TikTok,UNKNOWN,1.33,0,0,0.00,1,night,0,0,69,HIGH,68,84,77,41
,2026-04-11,Saturday,TikTok,UNKNOWN,10.11,0,0,0.00,1,night,1,1,69,HIGH,68,84,77,41
,2026-04-11,Saturday,TikTok,UNKNOWN,10.11,0,0,0.00,1,night,1,1,69,HIGH,68,84,77,41
,2026-04-11,Saturday,Instagram,UNKNOWN,6.97,0,0,0.00,0,night,1,1,69,HIGH,68,84,77,41
,2026-04-11,Saturday,Instagram,UNKNOWN,6.97,0,0,0.00,0,night,1,1,69,HIGH,68,84,77,41
,2026-04-11,Saturday,Instagram,UNKNOWN,6.19,0,0,0.00,0,night,1,1,69,HIGH,68,84,77,41
,2026-04-11,Saturday,Instagram,UNKNOWN,6.19,0,0,0.00,0,night,1,1,69,HIGH,68,84,77,41
,2026-04-10,Friday,Instagram,UNKNOWN,23.74,0,0,0.00,23,night,1,1,62,HIGH,70,78,60,31
,2026-04-10,Friday,Instagram,UNKNOWN,23.74,0,0,0.00,23,night,1,1,62,HIGH,70,78,60,31
,2026-04-10,Friday,Instagram,UNKNOWN,18.62,0,0,0.00,23,night,1,1,62,HIGH,70,78,60,31
,2026-04-10,Friday,Instagram,UNKNOWN,18.62,0,0,0.00,23,night,1,1,62,HIGH,70,78,60,31
,2026-04-10,Friday,Instagram,UNKNOWN,12.61,0,0,0.00,22,night,1,1,62,HIGH,70,78,60,31
,2026-04-10,Friday,Instagram,UNKNOWN,12.61,0,0,0.00,22,night,1,1,62,HIGH,70,78,60,31
,2026-04-10,Friday,Instagram,UNKNOWN,4.50,0,0,0.00,22,night,0,0,62,HIGH,70,78,60,31
,2026-04-10,Friday,Instagram,UNKNOWN,4.50,0,0,0.00,22,night,0,0,62,HIGH,70,78,60,31
,2026-04-10,Friday,TikTok,UNKNOWN,1.48,0,0,0.00,22,night,0,0,62,HIGH,70,78,60,31
,2026-04-10,Friday,TikTok,UNKNOWN,0.55,0,0,0.00,22,night,0,0,62,HIGH,70,78,60,31
,2026-04-10,Friday,TikTok,UNKNOWN,1.72,0,0,0.00,22,night,0,0,62,HIGH,70,78,60,31
,2026-04-10,Friday,TikTok,UNKNOWN,1.72,0,0,0.00,22,night,0,0,62,HIGH,70,78,60,31
,2026-04-10,Friday,Instagram,UNKNOWN,6.27,0,0,0.00,22,night,1,1,62,HIGH,70,78,60,31
,2026-04-10,Friday,Instagram,UNKNOWN,3.22,0,0,0.00,22,night,0,0,62,HIGH,70,78,60,31
,2026-04-10,Friday,Instagram,UNKNOWN,4.78,0,0,0.00,22,night,0,0,62,HIGH,70,78,60,31
,2026-04-10,Friday,Instagram,UNKNOWN,2.35,0,0,0.00,21,evening,0,0,62,HIGH,70,78,60,31
,2026-04-10,Friday,Instagram,UNKNOWN,11.41,0,0,0.00,21,evening,1,1,62,HIGH,70,78,60,31
,2026-04-10,Friday,TikTok,UNKNOWN,0.72,0,0,0.00,21,evening,0,0,62,HIGH,70,78,60,31
,2026-04-10,Friday,Instagram,UNKNOWN,20.90,0,0,0.00,21,evening,1,1,62,HIGH,70,78,60,31
,2026-04-10,Friday,Instagram,UNKNOWN,1.06,0,0,0.00,21,evening,0,0,62,HIGH,70,78,60,31
,2026-04-10,Friday,Instagram,UNKNOWN,1.60,0,0,0.00,20,evening,0,0,62,HIGH,70,78,60,31
,2026-04-10,Friday,TikTok,UNKNOWN,1.02,0,0,0.00,20,evening,0,0,62,HIGH,70,78,60,31
,2026-04-10,Friday,Instagram,UNKNOWN,7.17,0,0,0.00,20,evening,1,1,62,HIGH,70,78,60,31
,2026-04-10,Friday,Instagram,UNKNOWN,1.77,0,0,0.00,20,evening,0,0,62,HIGH,70,78,60,31
,2026-04-10,Friday,Instagram,UNKNOWN,28.07,0,0,0.00,20,evening,1,1,62,HIGH,70,78,60,31
,2026-04-10,Friday,Instagram,UNKNOWN,4.92,0,0,0.00,20,evening,0,0,62,HIGH,70,78,60,31
,2026-04-10,Friday,Instagram,UNKNOWN,2.60,0,0,0.00,19,evening,0,0,62,HIGH,70,78,60,31
,2026-04-10,Friday,Instagram,UNKNOWN,17.35,0,0,0.00,17,evening,1,1,62,HIGH,70,78,60,31
,2026-04-10,Friday,Instagram,UNKNOWN,1.91,0,0,0.00,17,evening,0,0,62,HIGH,70,78,60,31
,2026-04-10,Friday,Instagram,UNKNOWN,1.75,0,0,0.00,16,afternoon,0,0,62,HIGH,70,78,60,31
,2026-04-10,Friday,Instagram,UNKNOWN,11.60,0,0,0.00,15,afternoon,1,1,62,HIGH,70,78,60,31
,2026-04-10,Friday,Instagram,UNKNOWN,2.88,0,0,0.00,15,afternoon,0,0,62,HIGH,70,78,60,31
,2026-04-10,Friday,TikTok,UNKNOWN,1.48,0,0,0.00,13,afternoon,0,0,62,HIGH,70,78,60,31
,2026-04-10,Friday,TikTok,UNKNOWN,0.68,0,0,0.00,13,afternoon,0,0,62,HIGH,70,78,60,31
,2026-04-10,Friday,TikTok,UNKNOWN,3.71,0,0,0.00,13,afternoon,0,0,62,HIGH,70,78,60,31
,2026-04-10,Friday,TikTok,UNKNOWN,1.71,0,0,0.00,12,afternoon,0,0,62,HIGH,70,78,60,31
,2026-04-10,Friday,Instagram,UNKNOWN,5.88,0,0,0.00,12,afternoon,1,1,62,HIGH,70,78,60,31
,2026-04-10,Friday,Instagram,UNKNOWN,1.27,0,0,0.00,12,afternoon,0,0,62,HIGH,70,78,60,31
,2026-04-10,Friday,Instagram,UNKNOWN,4.62,0,0,0.00,11,morning,0,0,62,HIGH,70,78,60,31
,2026-04-10,Friday,Instagram,UNKNOWN,6.77,0,0,0.00,11,morning,1,1,62,HIGH,70,78,60,31
,2026-04-10,Friday,TikTok,UNKNOWN,0.81,0,0,0.00,11,morning,0,0,62,HIGH,70,78,60,31
,2026-04-10,Friday,TikTok,UNKNOWN,1.19,0,0,0.00,11,morning,0,0,62,HIGH,70,78,60,31
,2026-04-10,Friday,TikTok,UNKNOWN,0.70,0,0,0.00,11,morning,0,0,62,HIGH,70,78,60,31
,2026-04-10,Friday,Instagram,UNKNOWN,1.44,0,0,0.00,11,morning,0,0,62,HIGH,70,78,60,31
,2026-04-10,Friday,TikTok,UNKNOWN,48.71,0,0,0.00,10,morning,1,1,62,HIGH,70,78,60,31
,2026-04-10,Friday,TikTok,UNKNOWN,18.92,0,0,0.00,10,morning,1,1,62,HIGH,70,78,60,31
,2026-04-09,Thursday,TikTok,UNKNOWN,5.82,0,0,0.00,23,night,1,1,18,HEALTHY,12,3,5,60